"metric","metric_label","model_id","model_alias","pareto_rank","line_id","cell_line","parameter","parameter_label","baseline_metric","elevated_metric","metric_delta","baseline_parameter","elevated_parameter","log2_elevated_vs_baseline","fit_id","best_start"
"ploidy","Ploidy","1R_1P_0W_C0_M1","1R",1,1,"MCF10A","ae[1]","v1",0,1,1,3.01159843804646e-05,4.57724919549056e-05,0.603951421488608,"all_lines__1r_1p_0w_c0_m1",1
"ploidy","Ploidy","1R_1P_0W_C0_M1","1R",1,1,"MCF10A","ah[1]","K1",0,1,1,0.121872440610939,0.161387047063599,0.405152870669021,"all_lines__1r_1p_0w_c0_m1",1
"ploidy","Ploidy","1R_1P_0W_C0_M1","1R",1,1,"MCF10A","Y_R[1]","y1",0,1,1,1837.1736313808,1047.25705839376,-0.810872374242302,"all_lines__1r_1p_0w_c0_m1",1
"ploidy","Ploidy","1R_1P_0W_C0_M1","1R",1,1,"MCF10A","m","m",0,1,1,0.016415653567611,0.012259448985703,-0.421178053071158,"all_lines__1r_1p_0w_c0_m1",1
"ploidy","Ploidy","1R_1P_0W_C0_M1","1R",1,2,"MDA-MB-231","ae[1]","v1",0,0.33,0.33,7.75613024734986e-05,8.90515671028941e-05,0.19930396909124,"all_lines__1r_1p_0w_c0_m1",1
"ploidy","Ploidy","1R_1P_0W_C0_M1","1R",1,2,"MDA-MB-231","ah[1]","K1",0,0.33,0.33,0.0827937834099096,0.0908334006996228,0.133700447320777,"all_lines__1r_1p_0w_c0_m1",1
"ploidy","Ploidy","1R_1P_0W_C0_M1","1R",1,2,"MDA-MB-231","Y_R[1]","y1",0,0.33,0.33,694.793892991534,577.170350480477,-0.267587883499959,"all_lines__1r_1p_0w_c0_m1",1
"ploidy","Ploidy","1R_1P_0W_C0_M1","1R",1,2,"MDA-MB-231","m","m",0,0.33,0.33,0.0316250277787943,0.0287204427465707,-0.138988757513482,"all_lines__1r_1p_0w_c0_m1",1
"ploidy","Ploidy","1R_1P_0W_C0_M1","1R",1,3,"SNU668","ae[1]","v1",0,1,1,6.95078831906518e-05,0.000105643202093385,0.603951421488608,"all_lines__1r_1p_0w_c0_m1",1
"ploidy","Ploidy","1R_1P_0W_C0_M1","1R",1,3,"SNU668","ah[1]","K1",0,1,1,0.0165188768580725,0.0218747794297658,0.405152870669021,"all_lines__1r_1p_0w_c0_m1",1
"ploidy","Ploidy","1R_1P_0W_C0_M1","1R",1,3,"SNU668","Y_R[1]","y1",0,1,1,663.856206624546,378.422641317541,-0.810872374242301,"all_lines__1r_1p_0w_c0_m1",1
"ploidy","Ploidy","1R_1P_0W_C0_M1","1R",1,3,"SNU668","m","m",0,1,1,0.00892414036543143,0.00666467790031348,-0.421178053071157,"all_lines__1r_1p_0w_c0_m1",1
"ploidy","Ploidy","1R_1P_0W_C0_M1","1R",1,4,"SUM-159-chem","ae[1]","v1",0,1,1,6.06329772036485e-05,9.21544660866623e-05,0.603951421488608,"all_lines__1r_1p_0w_c0_m1",1
"ploidy","Ploidy","1R_1P_0W_C0_M1","1R",1,4,"SUM-159-chem","ah[1]","K1",0,1,1,0.0945069691105541,0.125148890062632,0.405152870669021,"all_lines__1r_1p_0w_c0_m1",1
"ploidy","Ploidy","1R_1P_0W_C0_M1","1R",1,4,"SUM-159-chem","Y_R[1]","y1",0,1,1,503.162042212709,286.821012027608,-0.810872374242302,"all_lines__1r_1p_0w_c0_m1",1
"ploidy","Ploidy","1R_1P_0W_C0_M1","1R",1,4,"SUM-159-chem","m","m",0,1,1,0.0118155647089303,0.0088240356797127,-0.421178053071157,"all_lines__1r_1p_0w_c0_m1",1
"ploidy","Ploidy","1R_1P_0W_C0_M1","1R",1,5,"SUM-159-fuse","ae[1]","v1",0,1,1,4.43299833578574e-05,6.73759748635296e-05,0.603951421488608,"all_lines__1r_1p_0w_c0_m1",1
"ploidy","Ploidy","1R_1P_0W_C0_M1","1R",1,5,"SUM-159-fuse","ah[1]","K1",0,1,1,0.0313841293046966,0.0415597810937127,0.405152870669021,"all_lines__1r_1p_0w_c0_m1",1
"ploidy","Ploidy","1R_1P_0W_C0_M1","1R",1,5,"SUM-159-fuse","Y_R[1]","y1",0,1,1,1947.32506781047,1110.04745954189,-0.810872374242302,"all_lines__1r_1p_0w_c0_m1",1
"ploidy","Ploidy","1R_1P_0W_C0_M1","1R",1,5,"SUM-159-fuse","m","m",0,1,1,0.0608678505309136,0.0454569966026473,-0.421178053071158,"all_lines__1r_1p_0w_c0_m1",1
"ploidy","Ploidy","1R_1P_1W_C0_M0","1R,W(m)",2,1,"MCF10A","ae[1]","v1",0,1,1,3.12193774249195e-05,4.83407453150877e-05,0.630797949213019,"all_lines__1r_1p_1w_c0_m0",12
"ploidy","Ploidy","1R_1P_1W_C0_M0","1R,W(m)",2,1,"MCF10A","ah[1]","K1",0,1,1,0.152979156331152,0.201710665980732,0.398952275585408,"all_lines__1r_1p_1w_c0_m0",12
"ploidy","Ploidy","1R_1P_1W_C0_M0","1R,W(m)",2,1,"MCF10A","Y_R[1]","y1",0,1,1,2591.40971917196,1720.09320060272,-0.591250396011035,"all_lines__1r_1p_1w_c0_m0",12
"ploidy","Ploidy","1R_1P_1W_C0_M0","1R,W(m)",2,1,"MCF10A","m","m",0,1,1,0.0157636829275965,0.0126801467898434,-0.314033189638251,"all_lines__1r_1p_1w_c0_m0",12
"ploidy","Ploidy","1R_1P_1W_C0_M0","1R,W(m)",2,2,"MDA-MB-231","ae[1]","v1",0,0.33,0.33,7.66812502902106e-05,8.85834498548674e-05,0.208163323240295,"all_lines__1r_1p_1w_c0_m0",12
"ploidy","Ploidy","1R_1P_1W_C0_M0","1R,W(m)",2,2,"MDA-MB-231","ah[1]","K1",0,0.33,0.33,0.0828141531860082,0.0907269777116074,0.131654250943184,"all_lines__1r_1p_1w_c0_m0",12
"ploidy","Ploidy","1R_1P_1W_C0_M0","1R,W(m)",2,2,"MDA-MB-231","Y_R[1]","y1",0,0.33,0.33,684.973108437675,598.327228947698,-0.195112630683641,"all_lines__1r_1p_1w_c0_m0",12
"ploidy","Ploidy","1R_1P_1W_C0_M0","1R,W(m)",2,2,"MDA-MB-231","m","m",0,0.33,0.33,0.0305969424927372,0.0284761980679706,-0.103630952580623,"all_lines__1r_1p_1w_c0_m0",12
"ploidy","Ploidy","1R_1P_1W_C0_M0","1R,W(m)",2,3,"SNU668","ae[1]","v1",0,1,1,7.43726393360067e-05,0.000115160170160313,0.630797949213019,"all_lines__1r_1p_1w_c0_m0",12
"ploidy","Ploidy","1R_1P_1W_C0_M0","1R,W(m)",2,3,"SNU668","ah[1]","K1",0,1,1,0.042900559979421,0.0565665331926869,0.398952275585408,"all_lines__1r_1p_1w_c0_m0",12
"ploidy","Ploidy","1R_1P_1W_C0_M0","1R,W(m)",2,3,"SNU668","Y_R[1]","y1",0,1,1,936.668775177567,621.730164659037,-0.591250396011035,"all_lines__1r_1p_1w_c0_m0",12
"ploidy","Ploidy","1R_1P_1W_C0_M0","1R,W(m)",2,3,"SNU668","m","m",0,1,1,0.00871695243493631,0.00701182819666928,-0.314033189638251,"all_lines__1r_1p_1w_c0_m0",12
"ploidy","Ploidy","1R_1P_1W_C0_M0","1R,W(m)",2,4,"SUM-159-chem","ae[1]","v1",0,1,1,6.35063831784574e-05,9.83346289494462e-05,0.630797949213019,"all_lines__1r_1p_1w_c0_m0",12
"ploidy","Ploidy","1R_1P_1W_C0_M0","1R,W(m)",2,4,"SUM-159-chem","ah[1]","K1",0,1,1,0.107380513705829,0.141586575925869,0.398952275585408,"all_lines__1r_1p_1w_c0_m0",12
"ploidy","Ploidy","1R_1P_1W_C0_M0","1R,W(m)",2,4,"SUM-159-chem","Y_R[1]","y1",0,1,1,531.800625358602,352.991899732435,-0.591250396011035,"all_lines__1r_1p_1w_c0_m0",12
"ploidy","Ploidy","1R_1P_1W_C0_M0","1R,W(m)",2,4,"SUM-159-chem","m","m",0,1,1,0.0110391146780542,0.00887975197106965,-0.314033189638251,"all_lines__1r_1p_1w_c0_m0",12
"ploidy","Ploidy","1R_1P_1W_C0_M0","1R,W(m)",2,5,"SUM-159-fuse","ae[1]","v1",0,1,1,3.93637709142026e-05,6.09516967140426e-05,0.630797949213019,"all_lines__1r_1p_1w_c0_m0",12
"ploidy","Ploidy","1R_1P_1W_C0_M0","1R,W(m)",2,5,"SUM-159-fuse","ah[1]","K1",0,1,1,0.0358481147674946,0.0472675315861483,0.398952275585408,"all_lines__1r_1p_1w_c0_m0",12
"ploidy","Ploidy","1R_1P_1W_C0_M0","1R,W(m)",2,5,"SUM-159-fuse","Y_R[1]","y1",0,1,1,2348.83525884414,1559.08019028528,-0.591250396011035,"all_lines__1r_1p_1w_c0_m0",12
"ploidy","Ploidy","1R_1P_1W_C0_M0","1R,W(m)",2,5,"SUM-159-fuse","m","m",0,1,1,0.0591489242489542,0.0475787952208211,-0.314033189638251,"all_lines__1r_1p_1w_c0_m0",12
"ploidy","Ploidy","2R_1P_0W_C0_M1","2R(a)",3,1,"MCF10A","ae[1]","v1",0,1,1,3.03551646690241e-05,4.47227727033752e-05,0.559067635082857,"all_lines__2r_1p_0w_c0_m1",35
"ploidy","Ploidy","2R_1P_0W_C0_M1","2R(a)",3,1,"MCF10A","ah[1]","K1",0,1,1,0.137549599951751,0.163275299314929,0.247354609249792,"all_lines__2r_1p_0w_c0_m1",35
"ploidy","Ploidy","2R_1P_0W_C0_M1","2R(a)",3,1,"MCF10A","Y_R[1]","y1",0,1,1,1873.58418106141,1164.53447601262,-0.686047448993229,"all_lines__2r_1p_0w_c0_m1",35
"ploidy","Ploidy","2R_1P_0W_C0_M1","2R(a)",3,1,"MCF10A","m","m",0,1,1,0.0736641452897667,0.0684739974154946,-0.105406346659273,"all_lines__2r_1p_0w_c0_m1",35
"ploidy","Ploidy","2R_1P_0W_C0_M1","2R(a)",3,2,"MDA-MB-231","ae[1]","v1",0,0.33,0.33,6.69326321562925e-05,7.60633810936498e-05,0.184492319577342,"all_lines__2r_1p_0w_c0_m1",35
"ploidy","Ploidy","2R_1P_0W_C0_M1","2R(a)",3,2,"MDA-MB-231","ah[1]","K1",0,0.33,0.33,0.0794872498046335,0.0841142646960448,0.0816270210524312,"all_lines__2r_1p_0w_c0_m1",35
"ploidy","Ploidy","2R_1P_0W_C0_M1","2R(a)",3,2,"MDA-MB-231","Y_R[1]","y1",0,0.33,0.33,1015.85352530304,868.318808033039,-0.226395658167766,"all_lines__2r_1p_0w_c0_m1",35
"ploidy","Ploidy","2R_1P_0W_C0_M1","2R(a)",3,2,"MDA-MB-231","m","m",0,0.33,0.33,0.0529845878207626,0.0517223804452545,-0.0347840943975599,"all_lines__2r_1p_0w_c0_m1",35
"ploidy","Ploidy","2R_1P_0W_C0_M1","2R(a)",3,3,"SNU668","ae[1]","v1",0,1,1,6.98706463548228e-05,0.000102941593947384,0.559067635082859,"all_lines__2r_1p_0w_c0_m1",35
"ploidy","Ploidy","2R_1P_0W_C0_M1","2R(a)",3,3,"SNU668","ah[1]","K1",0,1,1,0.0253254135314364,0.0300619883741581,0.247354609249792,"all_lines__2r_1p_0w_c0_m1",35
"ploidy","Ploidy","2R_1P_0W_C0_M1","2R(a)",3,3,"SNU668","Y_R[1]","y1",0,1,1,706.579289724217,439.177460632813,-0.686047448993229,"all_lines__2r_1p_0w_c0_m1",35
"ploidy","Ploidy","2R_1P_0W_C0_M1","2R(a)",3,3,"SNU668","m","m",0,1,1,0.047430612018787,0.0440887977728416,-0.105406346659274,"all_lines__2r_1p_0w_c0_m1",35
"ploidy","Ploidy","2R_1P_0W_C0_M1","2R(a)",3,4,"SUM-159-chem","ae[1]","v1",0,1,1,6.98716699672899e-05,0.000102943102052782,0.559067635082856,"all_lines__2r_1p_0w_c0_m1",35
"ploidy","Ploidy","2R_1P_0W_C0_M1","2R(a)",3,4,"SUM-159-chem","ah[1]","K1",0,1,1,0.127472981072154,0.151314065227547,0.247354609249792,"all_lines__2r_1p_0w_c0_m1",35
"ploidy","Ploidy","2R_1P_0W_C0_M1","2R(a)",3,4,"SUM-159-chem","Y_R[1]","y1",0,1,1,565.000620703668,351.178617127951,-0.686047448993229,"all_lines__2r_1p_0w_c0_m1",35
"ploidy","Ploidy","2R_1P_0W_C0_M1","2R(a)",3,4,"SUM-159-chem","m","m",0,1,1,0.0355824217707323,0.0330753943697033,-0.105406346659274,"all_lines__2r_1p_0w_c0_m1",35
"ploidy","Ploidy","2R_1P_0W_C0_M1","2R(a)",3,5,"SUM-159-fuse","ae[1]","v1",0,1,1,4.30573080334825e-05,6.34370533448519e-05,0.559067635082857,"all_lines__2r_1p_0w_c0_m1",35
"ploidy","Ploidy","2R_1P_0W_C0_M1","2R(a)",3,5,"SUM-159-fuse","ah[1]","K1",0,1,1,0.0356149993429681,0.0422760202855109,0.247354609249792,"all_lines__2r_1p_0w_c0_m1",35
"ploidy","Ploidy","2R_1P_0W_C0_M1","2R(a)",3,5,"SUM-159-fuse","Y_R[1]","y1",0,1,1,1984.77125506192,1233.64329016113,-0.686047448993229,"all_lines__2r_1p_0w_c0_m1",35
"ploidy","Ploidy","2R_1P_0W_C0_M1","2R(a)",3,5,"SUM-159-fuse","m","m",0,1,1,0.115764836913275,0.107608404501585,-0.105406346659274,"all_lines__2r_1p_0w_c0_m1",35
"ploidy","Ploidy","2R_2P_0W_C0_M1","2R(f)",4,1,"MCF10A","ae[1]","v1",0,1,1,6.2784892129251e-05,9.52437879342557e-05,0.601207552576865,"all_lines__2r_2p_0w_c0_m1",113
"ploidy","Ploidy","2R_2P_0W_C0_M1","2R(f)",4,1,"MCF10A","ah[1]","K1",0,1,1,0.443675295736776,0.542899171030733,0.291180056213971,"all_lines__2r_2p_0w_c0_m1",113
"ploidy","Ploidy","2R_2P_0W_C0_M1","2R(f)",4,1,"MCF10A","Y_R[1]","y1",0,1,1,21323.2157559515,19114.142875969,-0.157784519748965,"all_lines__2r_2p_0w_c0_m1",113
"ploidy","Ploidy","2R_2P_0W_C0_M1","2R(f)",4,1,"MCF10A","m","m",0,1,1,0.0437042350553731,0.0164511145617224,-1.40958775769774,"all_lines__2r_2p_0w_c0_m1",113
"ploidy","Ploidy","2R_2P_0W_C0_M1","2R(f)",4,2,"MDA-MB-231","ae[1]","v1",0,0.33,0.33,7.05388606847952e-05,8.09379756749811e-05,0.198398492350366,"all_lines__2r_2p_0w_c0_m1",113
"ploidy","Ploidy","2R_2P_0W_C0_M1","2R(f)",4,2,"MDA-MB-231","ah[1]","K1",0,0.33,0.33,0.0853545987598419,0.0912331610077441,0.0960894185506103,"all_lines__2r_2p_0w_c0_m1",113
"ploidy","Ploidy","2R_2P_0W_C0_M1","2R(f)",4,2,"MDA-MB-231","Y_R[1]","y1",0,0.33,0.33,5222.50838893815,5037.38156035462,-0.052068891517158,"all_lines__2r_2p_0w_c0_m1",113
"ploidy","Ploidy","2R_2P_0W_C0_M1","2R(f)",4,2,"MDA-MB-231","m","m",0,0.33,0.33,0.02442286553144,0.0176916489592091,-0.465163960040252,"all_lines__2r_2p_0w_c0_m1",113
"ploidy","Ploidy","2R_2P_0W_C0_M1","2R(f)",4,3,"SNU668","ae[1]","v1",0,1,1,0.000211328183746475,0.00032058184755411,0.601207552576868,"all_lines__2r_2p_0w_c0_m1",113
"ploidy","Ploidy","2R_2P_0W_C0_M1","2R(f)",4,3,"SNU668","ah[1]","K1",0,1,1,0.362488927493293,0.443556222613492,0.29118005621397,"all_lines__2r_2p_0w_c0_m1",113
"ploidy","Ploidy","2R_2P_0W_C0_M1","2R(f)",4,3,"SNU668","Y_R[1]","y1",0,1,1,14863.5323663371,13323.6789677214,-0.157784519748965,"all_lines__2r_2p_0w_c0_m1",113
"ploidy","Ploidy","2R_2P_0W_C0_M1","2R(f)",4,3,"SNU668","m","m",0,1,1,0.0252840880091579,0.00951741697115435,-1.40958775769773,"all_lines__2r_2p_0w_c0_m1",113
"ploidy","Ploidy","2R_2P_0W_C0_M1","2R(f)",4,4,"SUM-159-chem","ae[1]","v1",0,1,1,9.38646474029534e-05,0.000142391334421127,0.601207552576868,"all_lines__2r_2p_0w_c0_m1",113
"ploidy","Ploidy","2R_2P_0W_C0_M1","2R(f)",4,4,"SUM-159-chem","ah[1]","K1",0,1,1,0.196387496211375,0.240307742888645,0.291180056213971,"all_lines__2r_2p_0w_c0_m1",113
"ploidy","Ploidy","2R_2P_0W_C0_M1","2R(f)",4,4,"SUM-159-chem","Y_R[1]","y1",0,1,1,4478.65317547545,4014.66728413403,-0.157784519748965,"all_lines__2r_2p_0w_c0_m1",113
"ploidy","Ploidy","2R_2P_0W_C0_M1","2R(f)",4,4,"SUM-159-chem","m","m",0,1,1,0.0252492801253581,0.00950431461429315,-1.40958775769773,"all_lines__2r_2p_0w_c0_m1",113
"ploidy","Ploidy","2R_2P_0W_C0_M1","2R(f)",4,5,"SUM-159-fuse","ae[1]","v1",0,1,1,8.1132524556216e-05,0.000123076885240086,0.601207552576866,"all_lines__2r_2p_0w_c0_m1",113
"ploidy","Ploidy","2R_2P_0W_C0_M1","2R(f)",4,5,"SUM-159-fuse","ah[1]","K1",0,1,1,0.255646346137271,0.312819286375823,0.29118005621397,"all_lines__2r_2p_0w_c0_m1",113
"ploidy","Ploidy","2R_2P_0W_C0_M1","2R(f)",4,5,"SUM-159-fuse","Y_R[1]","y1",0,1,1,65375.8040108289,58602.9083416067,-0.157784519748965,"all_lines__2r_2p_0w_c0_m1",113
"ploidy","Ploidy","2R_2P_0W_C0_M1","2R(f)",4,5,"SUM-159-fuse","m","m",0,1,1,0.0212975287621502,0.00801679940408053,-1.40958775769773,"all_lines__2r_2p_0w_c0_m1",113
"ploidy","Ploidy","2R_2P_1W_C0_M0","2R(f),W(m)",5,1,"MCF10A","ae[1]","v1",0,1,1,6.27579349461215e-05,9.11539484498759e-05,0.538507268684934,"all_lines__2r_2p_1w_c0_m0",120
"ploidy","Ploidy","2R_2P_1W_C0_M0","2R(f),W(m)",5,1,"MCF10A","ah[1]","K1",0,1,1,0.460387639408611,0.498016168807302,0.113343482024314,"all_lines__2r_2p_1w_c0_m0",120
"ploidy","Ploidy","2R_2P_1W_C0_M0","2R(f),W(m)",5,1,"MCF10A","Y_R[1]","y1",0,1,1,21564.7453329671,19917.1978235801,-0.114659991743453,"all_lines__2r_2p_1w_c0_m0",120
"ploidy","Ploidy","2R_2P_1W_C0_M0","2R(f),W(m)",5,1,"MCF10A","m","m",0,1,1,0.0428857761820284,0.0256532413852509,-0.741358104616223,"all_lines__2r_2p_1w_c0_m0",120
"ploidy","Ploidy","2R_2P_1W_C0_M0","2R(f),W(m)",5,2,"MDA-MB-231","ae[1]","v1",0,0.33,0.33,7.08311392088818e-05,8.01160417607166e-05,0.17770739866603,"all_lines__2r_2p_1w_c0_m0",120
"ploidy","Ploidy","2R_2P_1W_C0_M0","2R(f),W(m)",5,2,"MDA-MB-231","ah[1]","K1",0,0.33,0.33,0.0870672778984022,0.0893541024499185,0.0374033490680236,"all_lines__2r_2p_1w_c0_m0",120
"ploidy","Ploidy","2R_2P_1W_C0_M0","2R(f),W(m)",5,2,"MDA-MB-231","Y_R[1]","y1",0,0.33,0.33,5064.27288561262,4933.17801546305,-0.0378377972753385,"all_lines__2r_2p_1w_c0_m0",120
"ploidy","Ploidy","2R_2P_1W_C0_M0","2R(f),W(m)",5,2,"MDA-MB-231","m","m",0,0.33,0.33,0.0205300873429624,0.0173278371655552,-0.244648174523354,"all_lines__2r_2p_1w_c0_m0",120
"ploidy","Ploidy","2R_2P_1W_C0_M0","2R(f),W(m)",5,3,"SNU668","ae[1]","v1",0,1,1,0.000204052456060602,0.000296379845461568,0.538507268684934,"all_lines__2r_2p_1w_c0_m0",120
"ploidy","Ploidy","2R_2P_1W_C0_M0","2R(f),W(m)",5,3,"SNU668","ah[1]","K1",0,1,1,0.359749130562525,0.389152245626418,0.113343482024314,"all_lines__2r_2p_1w_c0_m0",120
"ploidy","Ploidy","2R_2P_1W_C0_M0","2R(f),W(m)",5,3,"SNU668","Y_R[1]","y1",0,1,1,13596.6803461834,12557.8933586997,-0.114659991743453,"all_lines__2r_2p_1w_c0_m0",120
"ploidy","Ploidy","2R_2P_1W_C0_M0","2R(f),W(m)",5,3,"SNU668","m","m",0,1,1,0.0158998635181969,0.00951091651212266,-0.741358104616224,"all_lines__2r_2p_1w_c0_m0",120
"ploidy","Ploidy","2R_2P_1W_C0_M0","2R(f),W(m)",5,4,"SUM-159-chem","ae[1]","v1",0,1,1,0.000101495389453023,0.000147418896208801,0.538507268684937,"all_lines__2r_2p_1w_c0_m0",120
"ploidy","Ploidy","2R_2P_1W_C0_M0","2R(f),W(m)",5,4,"SUM-159-chem","ah[1]","K1",0,1,1,0.233485780720357,0.252569104884528,0.113343482024314,"all_lines__2r_2p_1w_c0_m0",120
"ploidy","Ploidy","2R_2P_1W_C0_M0","2R(f),W(m)",5,4,"SUM-159-chem","Y_R[1]","y1",0,1,1,4740.46115355542,4378.28970908459,-0.114659991743453,"all_lines__2r_2p_1w_c0_m0",120
"ploidy","Ploidy","2R_2P_1W_C0_M0","2R(f),W(m)",5,4,"SUM-159-chem","m","m",0,1,1,0.0152189086585068,0.00910358566858272,-0.741358104616223,"all_lines__2r_2p_1w_c0_m0",120
"ploidy","Ploidy","2R_2P_1W_C0_M0","2R(f),W(m)",5,5,"SUM-159-fuse","ae[1]","v1",0,1,1,7.90273996495482e-05,0.000114784839876696,0.538507268684937,"all_lines__2r_2p_1w_c0_m0",120
"ploidy","Ploidy","2R_2P_1W_C0_M0","2R(f),W(m)",5,5,"SUM-159-fuse","ah[1]","K1",0,1,1,0.241078577720743,0.260782478461458,0.113343482024314,"all_lines__2r_2p_1w_c0_m0",120
"ploidy","Ploidy","2R_2P_1W_C0_M0","2R(f),W(m)",5,5,"SUM-159-fuse","Y_R[1]","y1",0,1,1,69087.2826230784,63809.0111360528,-0.11465999174345,"all_lines__2r_2p_1w_c0_m0",120
"ploidy","Ploidy","2R_2P_1W_C0_M0","2R(f),W(m)",5,5,"SUM-159-fuse","m","m",0,1,1,0.0243131234789472,0.0145435265713161,-0.741358104616224,"all_lines__2r_2p_1w_c0_m0",120
"cell_area","Cell area","1R_1P_0W_C0_M1","1R",1,1,"MCF10A","ae[1]","v1",0,0.653535253550523,0.653535253550523,3.51419728354655e-05,4.63671187713075e-05,0.399906896089665,"all_lines_cell_area__1r_1p_0w_c0_m1",148
"cell_area","Cell area","1R_1P_0W_C0_M1","1R",1,1,"MCF10A","ah[1]","K1",0,0.653535253550523,0.653535253550523,0.141449877113182,0.167821889524225,0.246639979823282,"all_lines_cell_area__1r_1p_0w_c0_m1",148
"cell_area","Cell area","1R_1P_0W_C0_M1","1R",1,1,"MCF10A","Y_R[1]","y1",0,0.653535253550523,0.653535253550523,1606.78432935976,971.861264240312,-0.725354011135234,"all_lines_cell_area__1r_1p_0w_c0_m1",148
"cell_area","Cell area","1R_1P_0W_C0_M1","1R",1,1,"MCF10A","m","m",0,0.653535253550523,0.653535253550523,0.0150447212991641,0.0121348879251199,-0.310096597075712,"all_lines_cell_area__1r_1p_0w_c0_m1",148
"cell_area","Cell area","1R_1P_0W_C0_M1","1R",1,2,"MDA-MB-231","ae[1]","v1",0,-0.000469703745281697,-0.000469703745281697,8.26383470950997e-05,8.26218852799824e-05,-0.000287417956163701,"all_lines_cell_area__1r_1p_0w_c0_m1",148
"cell_area","Cell area","1R_1P_0W_C0_M1","1R",1,2,"MDA-MB-231","ah[1]","K1",0,-0.000469703745281697,-0.000469703745281697,0.0872312971665881,0.0872205797628629,-0.00017726315700594,"all_lines_cell_area__1r_1p_0w_c0_m1",148
"cell_area","Cell area","1R_1P_0W_C0_M1","1R",1,2,"MDA-MB-231","Y_R[1]","y1",0,-0.000469703745281697,-0.000469703745281697,632.904559083179,633.133301747119,0.000521320760945272,"all_lines_cell_area__1r_1p_0w_c0_m1",148
"cell_area","Cell area","1R_1P_0W_C0_M1","1R",1,2,"MDA-MB-231","m","m",0,-0.000469703745281697,-0.000469703745281697,0.029801510657409,0.0298061148055623,0.000222870200581273,"all_lines_cell_area__1r_1p_0w_c0_m1",148
"cell_area","Cell area","1R_1P_0W_C0_M1","1R",1,3,"SNU668","ae[1]","v1",0,1.01581750460499,1.01581750460499,7.24052111015327e-05,0.000111400650190704,0.621592214120284,"all_lines_cell_area__1r_1p_0w_c0_m1",148
"cell_area","Cell area","1R_1P_0W_C0_M1","1R",1,3,"SNU668","ah[1]","K1",0,1.01581750460499,1.01581750460499,0.0231583238852373,0.0302072279967809,0.383362959348824,"all_lines_cell_area__1r_1p_0w_c0_m1",148
"cell_area","Cell area","1R_1P_0W_C0_M1","1R",1,3,"SNU668","Y_R[1]","y1",0,1.01581750460499,1.01581750460499,666.089875568276,304.885684950845,-1.12744843915242,"all_lines_cell_area__1r_1p_0w_c0_m1",148
"cell_area","Cell area","1R_1P_0W_C0_M1","1R",1,3,"SNU668","m","m",0,1.01581750460499,1.01581750460499,0.00856501227923872,0.00613243080108469,-0.481996265261303,"all_lines_cell_area__1r_1p_0w_c0_m1",148
"cell_area","Cell area","1R_1P_0W_C0_M1","1R",1,4,"SUM-159-chem","ae[1]","v1",0,0.463963523790174,0.463963523790174,6.54453977823527e-05,7.96788696889403e-05,0.283905438443816,"all_lines_cell_area__1r_1p_0w_c0_m1",148
"cell_area","Cell area","1R_1P_0W_C0_M1","1R",1,4,"SUM-159-chem","ah[1]","K1",0,0.463963523790174,0.463963523790174,0.092720818716638,0.104685530232961,0.175096834523711,"all_lines_cell_area__1r_1p_0w_c0_m1",148
"cell_area","Cell area","1R_1P_0W_C0_M1","1R",1,4,"SUM-159-chem","Y_R[1]","y1",0,0.463963523790174,0.463963523790174,477.975532879298,334.495554862175,-0.514949730979774,"all_lines_cell_area__1r_1p_0w_c0_m1",148
"cell_area","Cell area","1R_1P_0W_C0_M1","1R",1,4,"SUM-159-chem","m","m",0,0.463963523790174,0.463963523790174,0.0115675317369735,0.0099304743645336,-0.22014651713577,"all_lines_cell_area__1r_1p_0w_c0_m1",148
"cell_area","Cell area","1R_1P_0W_C0_M1","1R",1,5,"SUM-159-fuse","ae[1]","v1",0,-0.393233128960496,-0.393233128960496,5.8428958013992e-05,4.94530324800466e-05,-0.240624571035572,"all_lines_cell_area__1r_1p_0w_c0_m1",148
"cell_area","Cell area","1R_1P_0W_C0_M1","1R",1,5,"SUM-159-fuse","ah[1]","K1",0,-0.393233128960496,-0.393233128960496,0.0422020428645202,0.0380767196970659,-0.148403640761156,"all_lines_cell_area__1r_1p_0w_c0_m1",148
"cell_area","Cell area","1R_1P_0W_C0_M1","1R",1,5,"SUM-159-fuse","Y_R[1]","y1",0,-0.393233128960496,-0.393233128960496,1232.22024663668,1667.52307750156,0.436446581654379,"all_lines_cell_area__1r_1p_0w_c0_m1",148
"cell_area","Cell area","1R_1P_0W_C0_M1","1R",1,5,"SUM-159-fuse","m","m",0,-0.393233128960496,-0.393233128960496,0.0474503940440975,0.054001730859351,0.186585581245401,"all_lines_cell_area__1r_1p_0w_c0_m1",148
"cell_area","Cell area","1R_1P_1W_C0_M0","1R,W(m)",2,1,"MCF10A","ae[1]","v1",0,0.653535253550523,0.653535253550523,3.45719850459399e-05,4.68583348787837e-05,0.438702246330784,"all_lines_cell_area__1r_1p_1w_c0_m0",291
"cell_area","Cell area","1R_1P_1W_C0_M0","1R,W(m)",2,1,"MCF10A","ah[1]","K1",0,0.653535253550523,0.653535253550523,0.171649795578435,0.191065545089074,0.154599500952849,"all_lines_cell_area__1r_1p_1w_c0_m0",291
"cell_area","Cell area","1R_1P_1W_C0_M0","1R,W(m)",2,1,"MCF10A","Y_R[1]","y1",0,0.653535253550523,0.653535253550523,2521.90979777263,1580.34253279387,-0.674279384540675,"all_lines_cell_area__1r_1p_1w_c0_m0",291
"cell_area","Cell area","1R_1P_1W_C0_M0","1R,W(m)",2,1,"MCF10A","m","m",0,0.653535253550523,0.653535253550523,0.0152465359347085,0.0126535814730663,-0.268935711135035,"all_lines_cell_area__1r_1p_1w_c0_m0",291
"cell_area","Cell area","1R_1P_1W_C0_M0","1R,W(m)",2,2,"MDA-MB-231","ae[1]","v1",0,-0.000469703745281697,-0.000469703745281697,8.22930390031328e-05,8.2275055844851e-05,-0.00031530064682263,"all_lines_cell_area__1r_1p_1w_c0_m0",291
"cell_area","Cell area","1R_1P_1W_C0_M0","1R,W(m)",2,2,"MDA-MB-231","ah[1]","K1",0,-0.000469703745281697,-0.000469703745281697,0.0868608861394227,0.0868541966020575,-0.00011111254400063,"all_lines_cell_area__1r_1p_1w_c0_m0",291
"cell_area","Cell area","1R_1P_1W_C0_M0","1R,W(m)",2,2,"MDA-MB-231","Y_R[1]","y1",0,-0.000469703745281697,-0.000469703745281697,640.079682324875,640.29472632586,0.000484612804839708,"all_lines_cell_area__1r_1p_1w_c0_m0",291
"cell_area","Cell area","1R_1P_1W_C0_M0","1R,W(m)",2,2,"MDA-MB-231","m","m",0,-0.000469703745281697,-0.000469703745281697,0.0298444957373959,0.0298484944692057,0.000193287370610467,"all_lines_cell_area__1r_1p_1w_c0_m0",291
"cell_area","Cell area","1R_1P_1W_C0_M0","1R,W(m)",2,3,"SNU668","ae[1]","v1",0,1.01581750460499,1.01581750460499,7.49694032282069e-05,0.000120269205435565,0.681893468961719,"all_lines_cell_area__1r_1p_1w_c0_m0",291
"cell_area","Cell area","1R_1P_1W_C0_M0","1R,W(m)",2,3,"SNU668","ah[1]","K1",0,1.01581750460499,1.01581750460499,0.0474555331788871,0.0560563130699828,0.240300547549513,"all_lines_cell_area__1r_1p_1w_c0_m0",291
"cell_area","Cell area","1R_1P_1W_C0_M0","1R,W(m)",2,3,"SNU668","Y_R[1]","y1",0,1.01581750460499,1.01581750460499,965.841483253477,467.09805694451,-1.04806098537077,"all_lines_cell_area__1r_1p_1w_c0_m0",291
"cell_area","Cell area","1R_1P_1W_C0_M0","1R,W(m)",2,3,"SNU668","m","m",0,1.01581750460499,1.01581750460499,0.00855511376586496,0.00640309263375033,-0.41801815816389,"all_lines_cell_area__1r_1p_1w_c0_m0",291
"cell_area","Cell area","1R_1P_1W_C0_M0","1R,W(m)",2,4,"SUM-159-chem","ae[1]","v1",0,0.463963523790174,0.463963523790174,6.92859866802516e-05,8.59805875134352e-05,0.311447376398589,"all_lines_cell_area__1r_1p_1w_c0_m0",291
"cell_area","Cell area","1R_1P_1W_C0_M0","1R,W(m)",2,4,"SUM-159-chem","ah[1]","K1",0,0.463963523790174,0.463963523790174,0.10992381434603,0.118612710404091,0.10975464421942,"all_lines_cell_area__1r_1p_1w_c0_m0",291
"cell_area","Cell area","1R_1P_1W_C0_M0","1R,W(m)",2,4,"SUM-159-chem","Y_R[1]","y1",0,0.463963523790174,0.463963523790174,519.175776949789,372.575470269588,-0.478690380619807,"all_lines_cell_area__1r_1p_1w_c0_m0",291
"cell_area","Cell area","1R_1P_1W_C0_M0","1R,W(m)",2,4,"SUM-159-chem","m","m",0,0.463963523790174,0.463963523790174,0.0110617222793176,0.00969055238011911,-0.190925217168229,"all_lines_cell_area__1r_1p_1w_c0_m0",291
"cell_area","Cell area","1R_1P_1W_C0_M0","1R,W(m)",2,5,"SUM-159-fuse","ae[1]","v1",0,-0.393233128960496,-0.393233128960496,5.53447842935266e-05,4.60908244074935e-05,-0.263967790673005,"all_lines_cell_area__1r_1p_1w_c0_m0",291
"cell_area","Cell area","1R_1P_1W_C0_M0","1R,W(m)",2,5,"SUM-159-fuse","ah[1]","K1",0,-0.393233128960496,-0.393233128960496,0.0456456005536224,0.0427953209564821,-0.0930227484518098,"all_lines_cell_area__1r_1p_1w_c0_m0",291
"cell_area","Cell area","1R_1P_1W_C0_M0","1R,W(m)",2,5,"SUM-159-fuse","Y_R[1]","y1",0,-0.393233128960496,-0.393233128960496,1546.53186999922,2048.76067604304,0.405714903268013,"all_lines_cell_area__1r_1p_1w_c0_m0",291
"cell_area","Cell area","1R_1P_1W_C0_M0","1R,W(m)",2,5,"SUM-159-fuse","m","m",0,-0.393233128960496,-0.393233128960496,0.0491825437065331,0.0550203519383428,0.161819015277758,"all_lines_cell_area__1r_1p_1w_c0_m0",291
"cell_area","Cell area","2R_1P_0W_C0_M1","2R(a)",3,1,"MCF10A","ae[1]","v1",0,0.653535253550523,0.653535253550523,3.33938173425068e-05,4.62564102428702e-05,0.470072287670562,"all_lines_cell_area__2r_1p_0w_c0_m1",33
"cell_area","Cell area","2R_1P_0W_C0_M1","2R(a)",3,1,"MCF10A","ah[1]","K1",0,0.653535253550523,0.653535253550523,0.142539047395308,0.171102572830039,0.263504265647511,"all_lines_cell_area__2r_1p_0w_c0_m1",33
"cell_area","Cell area","2R_1P_0W_C0_M1","2R(a)",3,1,"MCF10A","Y_R[1]","y1",0,0.653535253550523,0.653535253550523,1821.60561962075,1118.21146995969,-0.704017598804216,"all_lines_cell_area__2r_1p_0w_c0_m1",33
"cell_area","Cell area","2R_1P_0W_C0_M1","2R(a)",3,1,"MCF10A","m","m",0,0.653535253550523,0.653535253550523,0.0791768759157705,0.0645404977861342,-0.294874438986577,"all_lines_cell_area__2r_1p_0w_c0_m1",33
"cell_area","Cell area","2R_1P_0W_C0_M1","2R(a)",3,2,"MDA-MB-231","ae[1]","v1",0,-0.000469703745281697,-0.000469703745281697,7.08741538492685e-05,7.0857558662275e-05,-0.000337846677545698,"all_lines_cell_area__2r_1p_0w_c0_m1",33
"cell_area","Cell area","2R_1P_0W_C0_M1","2R(a)",3,2,"MDA-MB-231","ah[1]","K1",0,-0.000469703745281697,-0.000469703745281697,0.0811689292293915,0.0811582748188645,-0.000189383724595966,"all_lines_cell_area__2r_1p_0w_c0_m1",33
"cell_area","Cell area","2R_1P_0W_C0_M1","2R(a)",3,2,"MDA-MB-231","Y_R[1]","y1",0,-0.000469703745281697,-0.000469703745281697,949.961483165559,950.294714734407,0.000505986021573658,"all_lines_cell_area__2r_1p_0w_c0_m1",33
"cell_area","Cell area","2R_1P_0W_C0_M1","2R(a)",3,2,"MDA-MB-231","m","m",0,-0.000469703745281697,-0.000469703745281697,0.0523536804449123,0.0523613716910326,0.000211929850191694,"all_lines_cell_area__2r_1p_0w_c0_m1",33
"cell_area","Cell area","2R_1P_0W_C0_M1","2R(a)",3,3,"SNU668","ae[1]","v1",0,1.01581750460499,1.01581750460499,7.1998560325861e-05,0.000119473712115086,0.73065325191146,"all_lines_cell_area__2r_1p_0w_c0_m1",33
"cell_area","Cell area","2R_1P_0W_C0_M1","2R(a)",3,3,"SNU668","ah[1]","K1",0,1.01581750460499,1.01581750460499,0.0304972290596258,0.0405093237047543,0.409575832563917,"all_lines_cell_area__2r_1p_0w_c0_m1",33
"cell_area","Cell area","2R_1P_0W_C0_M1","2R(a)",3,3,"SNU668","Y_R[1]","y1",0,1.01581750460499,1.01581750460499,687.953404578433,322.215635701896,-1.09428435043101,"all_lines_cell_area__2r_1p_0w_c0_m1",33
"cell_area","Cell area","2R_1P_0W_C0_M1","2R(a)",3,3,"SNU668","m","m",0,1.01581750460499,1.01581750460499,0.0490229579525198,0.0356801508717143,-0.45833582068574,"all_lines_cell_area__2r_1p_0w_c0_m1",33
"cell_area","Cell area","2R_1P_0W_C0_M1","2R(a)",3,4,"SUM-159-chem","ae[1]","v1",0,0.463963523790174,0.463963523790174,7.32308092156708e-05,9.22896338984908e-05,0.333717873425907,"all_lines_cell_area__2r_1p_0w_c0_m1",33
"cell_area","Cell area","2R_1P_0W_C0_M1","2R(a)",3,4,"SUM-159-chem","ah[1]","K1",0,0.463963523790174,0.463963523790174,0.121139664131255,0.137911292592453,0.18706927737925,"all_lines_cell_area__2r_1p_0w_c0_m1",33
"cell_area","Cell area","2R_1P_0W_C0_M1","2R(a)",3,4,"SUM-159-chem","Y_R[1]","y1",0,0.463963523790174,0.463963523790174,522.004738139168,369.163650396325,-0.499802396545467,"all_lines_cell_area__2r_1p_0w_c0_m1",33
"cell_area","Cell area","2R_1P_0W_C0_M1","2R(a)",3,4,"SUM-159-chem","m","m",0,0.463963523790174,0.463963523790174,0.0326344084418439,0.0282265737577789,-0.209339868116673,"all_lines_cell_area__2r_1p_0w_c0_m1",33
"cell_area","Cell area","2R_1P_0W_C0_M1","2R(a)",3,5,"SUM-159-fuse","ae[1]","v1",0,-0.393233128960496,-0.393233128960496,4.50902629164532e-05,3.70628219348109e-05,-0.282843190958824,"all_lines_cell_area__2r_1p_0w_c0_m1",33
"cell_area","Cell area","2R_1P_0W_C0_M1","2R(a)",3,5,"SUM-159-fuse","ah[1]","K1",0,-0.393233128960496,-0.393233128960496,0.0356727994775859,0.0319601356472788,-0.158550906492144,"all_lines_cell_area__2r_1p_0w_c0_m1",33
"cell_area","Cell area","2R_1P_0W_C0_M1","2R(a)",3,5,"SUM-159-fuse","Y_R[1]","y1",0,-0.393233128960496,-0.393233128960496,1698.57823833949,2278.26584715691,0.423608430787788,"all_lines_cell_area__2r_1p_0w_c0_m1",33
"cell_area","Cell area","2R_1P_0W_C0_M1","2R(a)",3,5,"SUM-159-fuse","m","m",0,-0.393233128960496,-0.393233128960496,0.0831851432710164,0.0940711456664321,0.177426386202131,"all_lines_cell_area__2r_1p_0w_c0_m1",33
"cell_area","Cell area","2R_2P_0W_C0_M1","2R(f)",4,1,"MCF10A","ae[1]","v1",0,0.653535253550523,0.653535253550523,6.12952574269771e-05,9.09237493279164e-05,0.568881723117047,"all_lines_cell_area__2r_2p_0w_c0_m1",185
"cell_area","Cell area","2R_2P_0W_C0_M1","2R(f)",4,1,"MCF10A","ah[1]","K1",0,0.653535253550523,0.653535253550523,0.413038177841193,0.536532627698785,0.377390768392442,"all_lines_cell_area__2r_2p_0w_c0_m1",185
"cell_area","Cell area","2R_2P_0W_C0_M1","2R(f)",4,1,"MCF10A","Y_R[1]","y1",0,0.653535253550523,0.653535253550523,17590.7187773496,22927.0777864749,0.382238051023364,"all_lines_cell_area__2r_2p_0w_c0_m1",185
"cell_area","Cell area","2R_2P_0W_C0_M1","2R(f)",4,1,"MCF10A","m","m",0,0.653535253550523,0.653535253550523,0.0376490486410314,0.0322821610905129,-0.221876248363336,"all_lines_cell_area__2r_2p_0w_c0_m1",185
"cell_area","Cell area","2R_2P_0W_C0_M1","2R(f)",4,2,"MDA-MB-231","ae[1]","v1",0,-0.000469703745281697,-0.000469703745281697,7.45817525455315e-05,7.45606189451251e-05,-0.000408862222073266,"all_lines_cell_area__2r_2p_0w_c0_m1",185
"cell_area","Cell area","2R_2P_0W_C0_M1","2R(f)",4,2,"MDA-MB-231","ah[1]","K1",0,-0.000469703745281697,-0.000469703745281697,0.0913716978505205,0.0913545210367318,-0.000271235340994473,"all_lines_cell_area__2r_2p_0w_c0_m1",185
"cell_area","Cell area","2R_2P_0W_C0_M1","2R(f)",4,2,"MDA-MB-231","Y_R[1]","y1",0,-0.000469703745281697,-0.000469703745281697,5148.12062430611,5147.14040839443,-0.000274719142052274,"all_lines_cell_area__2r_2p_0w_c0_m1",185
"cell_area","Cell area","2R_2P_0W_C0_M1","2R(f)",4,2,"MDA-MB-231","m","m",0,-0.000469703745281697,-0.000469703745281697,0.0167137491890724,0.0167155967091271,0.000159465161639492,"all_lines_cell_area__2r_2p_0w_c0_m1",185
"cell_area","Cell area","2R_2P_0W_C0_M1","2R(f)",4,3,"SNU668","ae[1]","v1",0,1.01581750460499,1.01581750460499,0.000195112190367919,0.000360135759410855,0.884236939404024,"all_lines_cell_area__2r_2p_0w_c0_m1",185
"cell_area","Cell area","2R_2P_0W_C0_M1","2R(f)",4,3,"SNU668","ah[1]","K1",0,1.01581750460499,1.01581750460499,0.340664451279904,0.511575031552687,0.586594443875299,"all_lines_cell_area__2r_2p_0w_c0_m1",185
"cell_area","Cell area","2R_2P_0W_C0_M1","2R(f)",4,3,"SNU668","Y_R[1]","y1",0,1.01581750460499,1.01581750460499,12125.2538265667,18303.8067949201,0.594128780423336,"all_lines_cell_area__2r_2p_0w_c0_m1",185
"cell_area","Cell area","2R_2P_0W_C0_M1","2R(f)",4,3,"SNU668","m","m",0,1.01581750460499,1.01581750460499,0.0335907753267424,0.0264486383840856,-0.344871643448595,"all_lines_cell_area__2r_2p_0w_c0_m1",185
"cell_area","Cell area","2R_2P_0W_C0_M1","2R(f)",4,4,"SUM-159-chem","ae[1]","v1",0,0.463963523790174,0.463963523790174,8.41925025001136e-05,0.000111390732692666,0.40386554121339,"all_lines_cell_area__2r_2p_0w_c0_m1",185
"cell_area","Cell area","2R_2P_0W_C0_M1","2R(f)",4,4,"SUM-159-chem","ah[1]","K1",0,0.463963523790174,0.463963523790174,0.145295141017624,0.174945680848358,0.267920590049245,"all_lines_cell_area__2r_2p_0w_c0_m1",185
"cell_area","Cell area","2R_2P_0W_C0_M1","2R(f)",4,4,"SUM-159-chem","Y_R[1]","y1",0,0.463963523790174,0.463963523790174,3541.50090146317,4274.40237918357,0.271361815779656,"all_lines_cell_area__2r_2p_0w_c0_m1",185
"cell_area","Cell area","2R_2P_0W_C0_M1","2R(f)",4,4,"SUM-159-chem","m","m",0,0.463963523790174,0.463963523790174,0.0187246602571477,0.0167879165280023,-0.157516347399367,"all_lines_cell_area__2r_2p_0w_c0_m1",185
"cell_area","Cell area","2R_2P_0W_C0_M1","2R(f)",4,5,"SUM-159-fuse","ae[1]","v1",0,-0.393233128960496,-0.393233128960496,0.000116914245701534,9.22201396032981e-05,-0.342296974454589,"all_lines_cell_area__2r_2p_0w_c0_m1",185
"cell_area","Cell area","2R_2P_0W_C0_M1","2R(f)",4,5,"SUM-159-fuse","ah[1]","K1",0,-0.393233128960496,-0.393233128960496,0.349753363015101,0.298816817525631,-0.227076583687758,"all_lines_cell_area__2r_2p_0w_c0_m1",185
"cell_area","Cell area","2R_2P_0W_C0_M1","2R(f)",4,5,"SUM-159-fuse","Y_R[1]","y1",0,-0.393233128960496,-0.393233128960496,67309.128794245,57390.3822151626,-0.229993200818292,"all_lines_cell_area__2r_2p_0w_c0_m1",185
"cell_area","Cell area","2R_2P_0W_C0_M1","2R(f)",4,5,"SUM-159-fuse","m","m",0,-0.393233128960496,-0.393233128960496,0.0400133698864939,0.0438928334006626,0.133503266904003,"all_lines_cell_area__2r_2p_0w_c0_m1",185
"cell_area","Cell area","2R_2P_1W_C0_M0","2R(f),W(m)",5,1,"MCF10A","ae[1]","v1",0,0.653535253550523,0.653535253550523,6.05823940321679e-05,9.09884620007791e-05,0.586785022493173,"all_lines_cell_area__2r_2p_1w_c0_m0",318
"cell_area","Cell area","2R_2P_1W_C0_M0","2R(f),W(m)",5,1,"MCF10A","ah[1]","K1",0,0.653535253550523,0.653535253550523,0.404058786689137,0.52966428330018,0.390513020495518,"all_lines_cell_area__2r_2p_1w_c0_m0",318
"cell_area","Cell area","2R_2P_1W_C0_M0","2R(f),W(m)",5,1,"MCF10A","Y_R[1]","y1",0,0.653535253550523,0.653535253550523,17503.2166175156,21344.8733532677,0.286269527861276,"all_lines_cell_area__2r_2p_1w_c0_m0",318
"cell_area","Cell area","2R_2P_1W_C0_M0","2R(f),W(m)",5,1,"MCF10A","m","m",0,0.653535253550523,0.653535253550523,0.0377916306006208,0.0350093426221137,-0.110326795871243,"all_lines_cell_area__2r_2p_1w_c0_m0",318
"cell_area","Cell area","2R_2P_1W_C0_M0","2R(f),W(m)",5,2,"MDA-MB-231","ae[1]","v1",0,-0.000469703745281697,-0.000469703745281697,7.44595647749339e-05,7.44378018881404e-05,-0.000421729541357246,"all_lines_cell_area__2r_2p_1w_c0_m0",318
"cell_area","Cell area","2R_2P_1W_C0_M0","2R(f),W(m)",5,2,"MDA-MB-231","ah[1]","K1",0,-0.000469703745281697,-0.000469703745281697,0.0910784505407833,0.0910607335739128,-0.000280666463379856,"all_lines_cell_area__2r_2p_1w_c0_m0",318
"cell_area","Cell area","2R_2P_1W_C0_M0","2R(f),W(m)",5,2,"MDA-MB-231","Y_R[1]","y1",0,-0.000469703745281697,-0.000469703745281697,5200.20849904767,5199.46694061882,-0.000205745395777079,"all_lines_cell_area__2r_2p_1w_c0_m0",318
"cell_area","Cell area","2R_2P_1W_C0_M0","2R(f),W(m)",5,2,"MDA-MB-231","m","m",0,-0.000469703745281697,-0.000469703745281697,0.0166628479153545,0.0166637637617392,7.92932117183908e-05,"all_lines_cell_area__2r_2p_1w_c0_m0",318
"cell_area","Cell area","2R_2P_1W_C0_M0","2R(f),W(m)",5,3,"SNU668","ae[1]","v1",0,1.01581750460499,1.01581750460499,0.000182276137882489,0.000342995703117129,0.912064795357698,"all_lines_cell_area__2r_2p_1w_c0_m0",318
"cell_area","Cell area","2R_2P_1W_C0_M0","2R(f),W(m)",5,3,"SNU668","ah[1]","K1",0,1.01581750460499,1.01581750460499,0.303987453441993,0.462996951960444,0.606990915700997,"all_lines_cell_area__2r_2p_1w_c0_m0",318
"cell_area","Cell area","2R_2P_1W_C0_M0","2R(f),W(m)",5,3,"SNU668","Y_R[1]","y1",0,1.01581750460499,1.01581750460499,9188.26678597423,12507.7777977961,0.444960843132254,"all_lines_cell_area__2r_2p_1w_c0_m0",318
"cell_area","Cell area","2R_2P_1W_C0_M0","2R(f),W(m)",5,3,"SNU668","m","m",0,1.01581750460499,1.01581750460499,0.0204428307290889,0.0181517591623165,-0.171485608257745,"all_lines_cell_area__2r_2p_1w_c0_m0",318
"cell_area","Cell area","2R_2P_1W_C0_M0","2R(f),W(m)",5,4,"SUM-159-chem","ae[1]","v1",0,0.463963523790174,0.463963523790174,8.23036143380954e-05,0.000109855210737723,0.416575609753519,"all_lines_cell_area__2r_2p_1w_c0_m0",318
"cell_area","Cell area","2R_2P_1W_C0_M0","2R(f),W(m)",5,4,"SUM-159-chem","ah[1]","K1",0,0.463963523790174,0.463963523790174,0.140546750750599,0.17032456901479,0.277236455249675,"all_lines_cell_area__2r_2p_1w_c0_m0",318
"cell_area","Cell area","2R_2P_1W_C0_M0","2R(f),W(m)",5,4,"SUM-159-chem","Y_R[1]","y1",0,0.463963523790174,0.463963523790174,3473.36363168959,3998.79258153818,0.203230993551904,"all_lines_cell_area__2r_2p_1w_c0_m0",318
"cell_area","Cell area","2R_2P_1W_C0_M0","2R(f),W(m)",5,4,"SUM-159-chem","m","m",0,0.463963523790174,0.463963523790174,0.0173781933662752,0.0164598813193955,-0.078324174102024,"all_lines_cell_area__2r_2p_1w_c0_m0",318
"cell_area","Cell area","2R_2P_1W_C0_M0","2R(f),W(m)",5,5,"SUM-159-fuse","ae[1]","v1",0,-0.393233128960496,-0.393233128960496,0.000117419004600352,9.19292907721003e-05,-0.35306941617696,"all_lines_cell_area__2r_2p_1w_c0_m0",318
"cell_area","Cell area","2R_2P_1W_C0_M0","2R(f),W(m)",5,5,"SUM-159-fuse","ah[1]","K1",0,-0.393233128960496,-0.393233128960496,0.348290352784433,0.295942777960173,-0.234972262192425,"all_lines_cell_area__2r_2p_1w_c0_m0",318
"cell_area","Cell area","2R_2P_1W_C0_M0","2R(f),W(m)",5,5,"SUM-159-fuse","Y_R[1]","y1",0,-0.393233128960496,-0.393233128960496,70510.6364982868,62575.2480751961,-0.172248798447154,"all_lines_cell_area__2r_2p_1w_c0_m0",318
"cell_area","Cell area","2R_2P_1W_C0_M0","2R(f),W(m)",5,5,"SUM-159-fuse","m","m",0,-0.393233128960496,-0.393233128960496,0.0349227027190159,0.0365671708534442,0.0663837963031643,"all_lines_cell_area__2r_2p_1w_c0_m0",318
"nuclear_area","Nuclear area","1R_1P_0W_C0_M1","1R",1,1,"MCF10A","ae[1]","v1",0,0.959707294051967,0.959707294051967,2.36216797386935e-05,5.22979298348162e-05,1.14664228136242,"all_lines_nuclear_area__1r_1p_0w_c0_m1",131
"nuclear_area","Nuclear area","1R_1P_0W_C0_M1","1R",1,1,"MCF10A","ah[1]","K1",0,0.959707294051967,0.959707294051967,0.0937999130446223,0.185917964472874,0.987007688129945,"all_lines_nuclear_area__1r_1p_0w_c0_m1",131
"nuclear_area","Nuclear area","1R_1P_0W_C0_M1","1R",1,1,"MCF10A","Y_R[1]","y1",0,0.959707294051967,0.959707294051967,2690.87984686705,772.754798279044,-1.79999536084183,"all_lines_nuclear_area__1r_1p_0w_c0_m1",131
"nuclear_area","Nuclear area","1R_1P_0W_C0_M1","1R",1,1,"MCF10A","m","m",0,0.959707294051967,0.959707294051967,0.0233394099388765,0.00882271254260487,-1.40347390202565,"all_lines_nuclear_area__1r_1p_0w_c0_m1",131
"nuclear_area","Nuclear area","1R_1P_0W_C0_M1","1R",1,2,"MDA-MB-231","ae[1]","v1",0,0.180154133759199,0.180154133759199,7.68256042560035e-05,8.91869338062666e-05,0.215245156737686,"all_lines_nuclear_area__1r_1p_0w_c0_m1",131
"nuclear_area","Nuclear area","1R_1P_0W_C0_M1","1R",1,2,"MDA-MB-231","ah[1]","K1",0,0.180154133759199,0.180154133759199,0.0798553424887569,0.0907984603096474,0.185278903443544,"all_lines_nuclear_area__1r_1p_0w_c0_m1",131
"nuclear_area","Nuclear area","1R_1P_0W_C0_M1","1R",1,2,"MDA-MB-231","Y_R[1]","y1",0,0.180154133759199,0.180154133759199,727.362461442937,575.486991490708,-0.337891153909973,"all_lines_nuclear_area__1r_1p_0w_c0_m1",131
"nuclear_area","Nuclear area","1R_1P_0W_C0_M1","1R",1,2,"MDA-MB-231","m","m",0,0.180154133759199,0.180154133759199,0.0338522208383143,0.0282019214985823,-0.263457021364873,"all_lines_nuclear_area__1r_1p_0w_c0_m1",131
"nuclear_area","Nuclear area","1R_1P_0W_C0_M1","1R",1,3,"SNU668","ae[1]","v1",0,0.705095078879184,0.705095078879184,6.96198079158095e-05,0.00012483353845264,0.842435849799495,"all_lines_nuclear_area__1r_1p_0w_c0_m1",131
"nuclear_area","Nuclear area","1R_1P_0W_C0_M1","1R",1,3,"SNU668","ah[1]","K1",0,0.705095078879184,0.705095078879184,0.021832151636344,0.0360901951741069,0.725152625211433,"all_lines_nuclear_area__1r_1p_0w_c0_m1",131
"nuclear_area","Nuclear area","1R_1P_0W_C0_M1","1R",1,3,"SNU668","Y_R[1]","y1",0,0.705095078879184,0.705095078879184,679.56536842471,271.727249229501,-1.32245308418611,"all_lines_nuclear_area__1r_1p_0w_c0_m1",131
"nuclear_area","Nuclear area","1R_1P_0W_C0_M1","1R",1,3,"SNU668","m","m",0,0.705095078879184,0.705095078879184,0.00896300352293402,0.00438583860371709,-1.03112954104532,"all_lines_nuclear_area__1r_1p_0w_c0_m1",131
"nuclear_area","Nuclear area","1R_1P_0W_C0_M1","1R",1,4,"SUM-159-chem","ae[1]","v1",0,0.334735871187983,0.334735871187983,6.56551814727076e-05,8.66287387489853e-05,0.399936840505081,"all_lines_nuclear_area__1r_1p_0w_c0_m1",131
"nuclear_area","Nuclear area","1R_1P_0W_C0_M1","1R",1,4,"SUM-159-chem","ah[1]","K1",0,0.334735871187983,0.334735871187983,0.0924048419177656,0.117307749085357,0.344257963238449,"all_lines_nuclear_area__1r_1p_0w_c0_m1",131
"nuclear_area","Nuclear area","1R_1P_0W_C0_M1","1R",1,4,"SUM-159-chem","Y_R[1]","y1",0,0.334735871187983,0.334735871187983,469.876878494491,304.082588988492,-0.627819564340095,"all_lines_nuclear_area__1r_1p_0w_c0_m1",131
"nuclear_area","Nuclear area","1R_1P_0W_C0_M1","1R",1,4,"SUM-159-chem","m","m",0,0.334735871187983,0.334735871187983,0.0121862802032535,0.00867984264313443,-0.489517024821856,"all_lines_nuclear_area__1r_1p_0w_c0_m1",131
"nuclear_area","Nuclear area","1R_1P_0W_C0_M1","1R",1,5,"SUM-159-fuse","ae[1]","v1",0,0.0590354702969521,0.0590354702969521,5.39856960408058e-05,5.66906888677164e-05,0.0705345960816823,"all_lines_nuclear_area__1r_1p_0w_c0_m1",131
"nuclear_area","Nuclear area","1R_1P_0W_C0_M1","1R",1,5,"SUM-159-fuse","ah[1]","K1",0,0.0590354702969521,0.0590354702969521,0.0387899572352224,0.0404572431058515,0.0607148277569553,"all_lines_nuclear_area__1r_1p_0w_c0_m1",131
"nuclear_area","Nuclear area","1R_1P_0W_C0_M1","1R",1,5,"SUM-159-fuse","Y_R[1]","y1",0,0.0590354702969521,0.0590354702969521,1463.53994473524,1355.41734663901,-0.110724981792079,"all_lines_nuclear_area__1r_1p_0w_c0_m1",131
"nuclear_area","Nuclear area","1R_1P_0W_C0_M1","1R",1,5,"SUM-159-fuse","m","m",0,0.0590354702969521,0.0590354702969521,0.0526595844805361,0.0496007794375809,-0.0863333459786085,"all_lines_nuclear_area__1r_1p_0w_c0_m1",131
"nuclear_area","Nuclear area","1R_1P_1W_C0_M0","1R,W(m)",2,1,"MCF10A","ae[1]","v1",0,0.959707294051967,0.959707294051967,2.14314350834937e-05,5.29957616312087e-05,1.30614852542367,"all_lines_nuclear_area__1r_1p_1w_c0_m0",8
"nuclear_area","Nuclear area","1R_1P_1W_C0_M0","1R,W(m)",2,1,"MCF10A","ah[1]","K1",0,0.959707294051967,0.959707294051967,0.105819999101181,0.205788645566959,0.959551072812945,"all_lines_nuclear_area__1r_1p_1w_c0_m0",8
"nuclear_area","Nuclear area","1R_1P_1W_C0_M0","1R,W(m)",2,1,"MCF10A","Y_R[1]","y1",0,0.959707294051967,0.959707294051967,4199.90527202103,1381.90854335208,-1.60369464927368,"all_lines_nuclear_area__1r_1p_1w_c0_m0",8
"nuclear_area","Nuclear area","1R_1P_1W_C0_M0","1R,W(m)",2,1,"MCF10A","m","m",0,0.959707294051967,0.959707294051967,0.0243910354555348,0.0100686018695702,-1.27648764116322,"all_lines_nuclear_area__1r_1p_1w_c0_m0",8
"nuclear_area","Nuclear area","1R_1P_1W_C0_M0","1R,W(m)",2,2,"MDA-MB-231","ae[1]","v1",0,0.180154133759199,0.180154133759199,7.62806668891886e-05,9.0411404965067e-05,0.245187316608865,"all_lines_nuclear_area__1r_1p_1w_c0_m0",8
"nuclear_area","Nuclear area","1R_1P_1W_C0_M0","1R,W(m)",2,2,"MDA-MB-231","ah[1]","K1",0,0.180154133759199,0.180154133759199,0.0809664830054986,0.0917335594178127,0.180124808253219,"all_lines_nuclear_area__1r_1p_1w_c0_m0",8
"nuclear_area","Nuclear area","1R_1P_1W_C0_M0","1R,W(m)",2,2,"MDA-MB-231","Y_R[1]","y1",0,0.180154133759199,0.180154133759199,713.851565832529,579.409003072794,-0.301042017857706,"all_lines_nuclear_area__1r_1p_1w_c0_m0",8
"nuclear_area","Nuclear area","1R_1P_1W_C0_M0","1R,W(m)",2,2,"MDA-MB-231","m","m",0,0.180154133759199,0.180154133759199,0.0327959340372818,0.0277771295914713,-0.239619440920525,"all_lines_nuclear_area__1r_1p_1w_c0_m0",8
"nuclear_area","Nuclear area","1R_1P_1W_C0_M0","1R,W(m)",2,3,"SNU668","ae[1]","v1",0,0.705095078879184,0.705095078879184,7.06148472472776e-05,0.00013733203840807,0.959624776501555,"all_lines_nuclear_area__1r_1p_1w_c0_m0",8
"nuclear_area","Nuclear area","1R_1P_1W_C0_M0","1R,W(m)",2,3,"SNU668","ah[1]","K1",0,0.705095078879184,0.705095078879184,0.042891062846813,0.0699176827018022,0.704980303439284,"all_lines_nuclear_area__1r_1p_1w_c0_m0",8
"nuclear_area","Nuclear area","1R_1P_1W_C0_M0","1R,W(m)",2,3,"SNU668","Y_R[1]","y1",0,0.705095078879184,0.705095078879184,1012.3981129544,447.37154113697,-1.17823133390349,"all_lines_nuclear_area__1r_1p_1w_c0_m0",8
"nuclear_area","Nuclear area","1R_1P_1W_C0_M0","1R,W(m)",2,3,"SNU668","m","m",0,0.705095078879184,0.705095078879184,0.00886152902070758,0.00462586341414609,-0.937832982631832,"all_lines_nuclear_area__1r_1p_1w_c0_m0",8
"nuclear_area","Nuclear area","1R_1P_1W_C0_M0","1R,W(m)",2,4,"SUM-159-chem","ae[1]","v1",0,0.334735871187983,0.334735871187983,7.01669830409977e-05,9.62217663505846e-05,0.45557095092258,"all_lines_nuclear_area__1r_1p_1w_c0_m0",8
"nuclear_area","Nuclear area","1R_1P_1W_C0_M0","1R,W(m)",2,4,"SUM-159-chem","ah[1]","K1",0,0.334735871187983,0.334735871187983,0.109972229956802,0.13868585451028,0.334681382852981,"all_lines_nuclear_area__1r_1p_1w_c0_m0",8
"nuclear_area","Nuclear area","1R_1P_1W_C0_M0","1R,W(m)",2,4,"SUM-159-chem","Y_R[1]","y1",0,0.334735871187983,0.334735871187983,509.706894957525,345.89063202801,-0.559351928313119,"all_lines_nuclear_area__1r_1p_1w_c0_m0",8
"nuclear_area","Nuclear area","1R_1P_1W_C0_M0","1R,W(m)",2,4,"SUM-159-chem","m","m",0,0.334735871187983,0.334735871187983,0.0115143304470373,0.00845692434142574,-0.445225544573516,"all_lines_nuclear_area__1r_1p_1w_c0_m0",8
"nuclear_area","Nuclear area","1R_1P_1W_C0_M0","1R,W(m)",2,5,"SUM-159-fuse","ae[1]","v1",0,0.0590354702969521,0.0590354702969521,5.06259744350893e-05,5.35254211048912e-05,0.0803464691307035,"all_lines_nuclear_area__1r_1p_1w_c0_m0",8
"nuclear_area","Nuclear area","1R_1P_1W_C0_M0","1R,W(m)",2,5,"SUM-159-fuse","ah[1]","K1",0,0.0590354702969521,0.0590354702969521,0.0436727146764087,0.0454965790659374,0.0590258604978256,"all_lines_nuclear_area__1r_1p_1w_c0_m0",8
"nuclear_area","Nuclear area","1R_1P_1W_C0_M0","1R,W(m)",2,5,"SUM-159-fuse","Y_R[1]","y1",0,0.0590354702969521,0.0590354702969521,1793.97920248963,1675.4091210267,-0.0986497324958862,"all_lines_nuclear_area__1r_1p_1w_c0_m0",8
"nuclear_area","Nuclear area","1R_1P_1W_C0_M0","1R,W(m)",2,5,"SUM-159-fuse","m","m",0,0.0590354702969521,0.0590354702969521,0.0534815901548768,0.0506485319472874,-0.0785219083895351,"all_lines_nuclear_area__1r_1p_1w_c0_m0",8
"nuclear_area","Nuclear area","2R_1P_0W_C0_M1","2R(a)",3,1,"MCF10A","ae[1]","v1",0,0.959707294051967,0.959707294051967,2.28426070733585e-05,5.05964196075664e-05,1.14730798019222,"all_lines_nuclear_area__2r_1p_0w_c0_m1",164
"nuclear_area","Nuclear area","2R_1P_0W_C0_M1","2R(a)",3,1,"MCF10A","ah[1]","K1",0,0.959707294051967,0.959707294051967,0.0985210350299367,0.179069621125091,0.862016917661577,"all_lines_nuclear_area__2r_1p_0w_c0_m1",164
"nuclear_area","Nuclear area","2R_1P_0W_C0_M1","2R(a)",3,1,"MCF10A","Y_R[1]","y1",0,0.959707294051967,0.959707294051967,2849.95176835819,942.375035032837,-1.59656427821794,"all_lines_nuclear_area__2r_1p_0w_c0_m1",164
"nuclear_area","Nuclear area","2R_1P_0W_C0_M1","2R(a)",3,1,"MCF10A","m","m",0,0.959707294051967,0.959707294051967,0.0932230627452688,0.0563720535301815,-0.725706788715285,"all_lines_nuclear_area__2r_1p_0w_c0_m1",164
"nuclear_area","Nuclear area","2R_1P_0W_C0_M1","2R(a)",3,2,"MDA-MB-231","ae[1]","v1",0,0.180154133759199,0.180154133759199,6.57163447666172e-05,7.62967898732914e-05,0.215370120251847,"all_lines_nuclear_area__2r_1p_0w_c0_m1",164
"nuclear_area","Nuclear area","2R_1P_0W_C0_M1","2R(a)",3,2,"MDA-MB-231","ah[1]","K1",0,0.180154133759199,0.180154133759199,0.076334582469549,0.0853950658496028,0.161815912048999,"all_lines_nuclear_area__2r_1p_0w_c0_m1",164
"nuclear_area","Nuclear area","2R_1P_0W_C0_M1","2R(a)",3,2,"MDA-MB-231","Y_R[1]","y1",0,0.180154133759199,0.180154133759199,1049.94766571834,852.997784002728,-0.299703520350297,"all_lines_nuclear_area__2r_1p_0w_c0_m1",164
"nuclear_area","Nuclear area","2R_1P_0W_C0_M1","2R(a)",3,2,"MDA-MB-231","m","m",0,0.180154133759199,0.180154133759199,0.0543420356922329,0.0494455447947317,-0.136228075679388,"all_lines_nuclear_area__2r_1p_0w_c0_m1",164
"nuclear_area","Nuclear area","2R_1P_0W_C0_M1","2R(a)",3,3,"SNU668","ae[1]","v1",0,0.705095078879184,0.705095078879184,6.80425247264477e-05,0.000122046719377693,0.842924937432586,"all_lines_nuclear_area__2r_1p_0w_c0_m1",164
"nuclear_area","Nuclear area","2R_1P_0W_C0_M1","2R(a)",3,3,"SNU668","ah[1]","K1",0,0.705095078879184,0.705095078879184,0.0269873727040737,0.041860997301953,0.633322149702104,"all_lines_nuclear_area__2r_1p_0w_c0_m1",164
"nuclear_area","Nuclear area","2R_1P_0W_C0_M1","2R(a)",3,3,"SNU668","Y_R[1]","y1",0,0.705095078879184,0.705095078879184,720.274611918864,319.442084028749,-1.17299266418288,"all_lines_nuclear_area__2r_1p_0w_c0_m1",164
"nuclear_area","Nuclear area","2R_1P_0W_C0_M1","2R(a)",3,3,"SNU668","m","m",0,0.705095078879184,0.705095078879184,0.0501330330345893,0.034643535162151,-0.533175363575653,"all_lines_nuclear_area__2r_1p_0w_c0_m1",164
"nuclear_area","Nuclear area","2R_1P_0W_C0_M1","2R(a)",3,4,"SUM-159-chem","ae[1]","v1",0,0.334735871187983,0.334735871187983,7.21266299362195e-05,9.51828099505814e-05,0.400169029297566,"all_lines_nuclear_area__2r_1p_0w_c0_m1",164
"nuclear_area","Nuclear area","2R_1P_0W_C0_M1","2R(a)",3,4,"SUM-159-chem","ah[1]","K1",0,0.334735871187983,0.334735871187983,0.117063055905125,0.144187723450748,0.300662489178292,"all_lines_nuclear_area__2r_1p_0w_c0_m1",164
"nuclear_area","Nuclear area","2R_1P_0W_C0_M1","2R(a)",3,4,"SUM-159-chem","Y_R[1]","y1",0,0.334735871187983,0.334735871187983,522.978500263106,355.509154138031,-0.556864929431239,"all_lines_nuclear_area__2r_1p_0w_c0_m1",164
"nuclear_area","Nuclear area","2R_1P_0W_C0_M1","2R(a)",3,4,"SUM-159-chem","m","m",0,0.334735871187983,0.334735871187983,0.0324808818483451,0.0272540731948136,-0.253118941215935,"all_lines_nuclear_area__2r_1p_0w_c0_m1",164
"nuclear_area","Nuclear area","2R_1P_0W_C0_M1","2R(a)",3,5,"SUM-159-fuse","ae[1]","v1",0,0.0590354702969521,0.0590354702969521,4.24727831085301e-05,4.46021789851583e-05,0.070575545904341,"all_lines_nuclear_area__2r_1p_0w_c0_m1",164
"nuclear_area","Nuclear area","2R_1P_0W_C0_M1","2R(a)",3,5,"SUM-159-fuse","ah[1]","K1",0,0.0590354702969521,0.0590354702969521,0.0340456383513417,0.0353202639566891,0.0530261408384423,"all_lines_nuclear_area__2r_1p_0w_c0_m1",164
"nuclear_area","Nuclear area","2R_1P_0W_C0_M1","2R(a)",3,5,"SUM-159-fuse","Y_R[1]","y1",0,0.0590354702969521,0.0590354702969521,1926.11432570367,1799.35796215133,-0.0982111145846991,"all_lines_nuclear_area__2r_1p_0w_c0_m1",164
"nuclear_area","Nuclear area","2R_1P_0W_C0_M1","2R(a)",3,5,"SUM-159-fuse","m","m",0,0.0590354702969521,0.0590354702969521,0.086091181572549,0.0834680642864234,-0.0446411544801475,"all_lines_nuclear_area__2r_1p_0w_c0_m1",164
"nuclear_area","Nuclear area","2R_2P_0W_C0_M1","2R(f)",4,1,"MCF10A","ae[1]","v1",0,0.959707294051967,0.959707294051967,5.88826937581081e-05,0.000111670128247937,0.923327738349509,"all_lines_nuclear_area__2r_2p_0w_c0_m1",19
"nuclear_area","Nuclear area","2R_2P_0W_C0_M1","2R(f)",4,1,"MCF10A","ah[1]","K1",0,0.959707294051967,0.959707294051967,0.45768834313477,0.597826470026328,0.385361228388402,"all_lines_nuclear_area__2r_2p_0w_c0_m1",19
"nuclear_area","Nuclear area","2R_2P_0W_C0_M1","2R(f)",4,1,"MCF10A","Y_R[1]","y1",0,0.959707294051967,0.959707294051967,26403.6595735146,15367.4605609296,-0.780859119871163,"all_lines_nuclear_area__2r_2p_0w_c0_m1",19
"nuclear_area","Nuclear area","2R_2P_0W_C0_M1","2R(f)",4,1,"MCF10A","m","m",0,0.959707294051967,0.959707294051967,0.0409392610067131,0.011721708328413,-1.80430221627852,"all_lines_nuclear_area__2r_2p_0w_c0_m1",19
"nuclear_area","Nuclear area","2R_2P_0W_C0_M1","2R(f)",4,2,"MDA-MB-231","ae[1]","v1",0,0.180154133759199,0.180154133759199,6.96322431239343e-05,7.85211086660522e-05,0.17332504390572,"all_lines_nuclear_area__2r_2p_0w_c0_m1",19
"nuclear_area","Nuclear area","2R_2P_0W_C0_M1","2R(f)",4,2,"MDA-MB-231","ah[1]","K1",0,0.180154133759199,0.180154133759199,0.079627951362472,0.0837224250122465,0.0723391587361782,"all_lines_nuclear_area__2r_2p_0w_c0_m1",19
"nuclear_area","Nuclear area","2R_2P_0W_C0_M1","2R(f)",4,2,"MDA-MB-231","Y_R[1]","y1",0,0.180154133759199,0.180154133759199,5622.42025047981,5079.23119346167,-0.14658114948196,"all_lines_nuclear_area__2r_2p_0w_c0_m1",19
"nuclear_area","Nuclear area","2R_2P_0W_C0_M1","2R(f)",4,2,"MDA-MB-231","m","m",0,0.180154133759199,0.180154133759199,0.0344189321238381,0.0272168991785377,-0.338699627301008,"all_lines_nuclear_area__2r_2p_0w_c0_m1",19
"nuclear_area","Nuclear area","2R_2P_0W_C0_M1","2R(f)",4,3,"SNU668","ae[1]","v1",0,0.705095078879184,0.705095078879184,0.000199747649694525,0.000319661637735315,0.678367090192848,"all_lines_nuclear_area__2r_2p_0w_c0_m1",19
"nuclear_area","Nuclear area","2R_2P_0W_C0_M1","2R(f)",4,3,"SNU668","ah[1]","K1",0,0.705095078879184,0.705095078879184,0.34808450438265,0.423558644736879,0.283124143592042,"all_lines_nuclear_area__2r_2p_0w_c0_m1",19
"nuclear_area","Nuclear area","2R_2P_0W_C0_M1","2R(f)",4,3,"SNU668","Y_R[1]","y1",0,0.705095078879184,0.705095078879184,16035.3205045157,10774.0264792582,-0.573695673807472,"all_lines_nuclear_area__2r_2p_0w_c0_m1",19
"nuclear_area","Nuclear area","2R_2P_0W_C0_M1","2R(f)",4,3,"SNU668","m","m",0,0.705095078879184,0.705095078879184,0.0396086237267033,0.0158029867321308,-1.32561732248323,"all_lines_nuclear_area__2r_2p_0w_c0_m1",19
"nuclear_area","Nuclear area","2R_2P_0W_C0_M1","2R(f)",4,4,"SUM-159-chem","ae[1]","v1",0,0.334735871187983,0.334735871187983,7.92406895107824e-05,9.90590301624098e-05,0.322047062478318,"all_lines_nuclear_area__2r_2p_0w_c0_m1",19
"nuclear_area","Nuclear area","2R_2P_0W_C0_M1","2R(f)",4,4,"SUM-159-chem","ah[1]","K1",0,0.334735871187983,0.334735871187983,0.122484529104191,0.134444385014453,0.134409967816373,"all_lines_nuclear_area__2r_2p_0w_c0_m1",19
"nuclear_area","Nuclear area","2R_2P_0W_C0_M1","2R(f)",4,4,"SUM-159-chem","Y_R[1]","y1",0,0.334735871187983,0.334735871187983,4540.4835752546,3759.36881657919,-0.272355497749297,"all_lines_nuclear_area__2r_2p_0w_c0_m1",19
"nuclear_area","Nuclear area","2R_2P_0W_C0_M1","2R(f)",4,4,"SUM-159-chem","m","m",0,0.334735871187983,0.334735871187983,0.0286308344712487,0.0185092696435789,-0.629321750491661,"all_lines_nuclear_area__2r_2p_0w_c0_m1",19
"nuclear_area","Nuclear area","2R_2P_0W_C0_M1","2R(f)",4,5,"SUM-159-fuse","ae[1]","v1",0,0.0590354702969521,0.0590354702969521,0.000104147297929438,0.000108329264164033,0.056797616949999,"all_lines_nuclear_area__2r_2p_0w_c0_m1",19
"nuclear_area","Nuclear area","2R_2P_0W_C0_M1","2R(f)",4,5,"SUM-159-fuse","ah[1]","K1",0,0.0590354702969521,0.0590354702969521,0.310003745288537,0.315139538318562,0.023705124982502,"all_lines_nuclear_area__2r_2p_0w_c0_m1",19
"nuclear_area","Nuclear area","2R_2P_0W_C0_M1","2R(f)",4,5,"SUM-159-fuse","Y_R[1]","y1",0,0.0590354702969521,0.0590354702969521,59523.968939579,57574.777418926,-0.0480337970368309,"all_lines_nuclear_area__2r_2p_0w_c0_m1",19
"nuclear_area","Nuclear area","2R_2P_0W_C0_M1","2R(f)",4,5,"SUM-159-fuse","m","m",0,0.0590354702969521,0.0590354702969521,0.056939371817371,0.0527231534553092,-0.110989913858118,"all_lines_nuclear_area__2r_2p_0w_c0_m1",19
"nuclear_area","Nuclear area","2R_2P_1W_C0_M0","2R(f),W(m)",5,1,"MCF10A","ae[1]","v1",0,0.959707294051967,0.959707294051967,5.49573881115822e-05,0.000110479737073888,1.00739644549886,"all_lines_nuclear_area__2r_2p_1w_c0_m0",33
"nuclear_area","Nuclear area","2R_2P_1W_C0_M0","2R(f),W(m)",5,1,"MCF10A","ah[1]","K1",0,0.959707294051967,0.959707294051967,0.450732496319457,0.605893236270407,0.4267921331736,"all_lines_nuclear_area__2r_2p_1w_c0_m0",33
"nuclear_area","Nuclear area","2R_2P_1W_C0_M0","2R(f),W(m)",5,1,"MCF10A","Y_R[1]","y1",0,0.959707294051967,0.959707294051967,29517.4605338046,15958.9464705052,-0.887203192595526,"all_lines_nuclear_area__2r_2p_1w_c0_m0",33
"nuclear_area","Nuclear area","2R_2P_1W_C0_M0","2R(f),W(m)",5,1,"MCF10A","m","m",0,0.959707294051967,0.959707294051967,0.0366662951730227,0.00858191352946098,-2.09508323115326,"all_lines_nuclear_area__2r_2p_1w_c0_m0",33
"nuclear_area","Nuclear area","2R_2P_1W_C0_M0","2R(f),W(m)",5,2,"MDA-MB-231","ae[1]","v1",0,0.180154133759199,0.180154133759199,7.15401101367103e-05,8.1559819092786e-05,0.189106235948973,"all_lines_nuclear_area__2r_2p_1w_c0_m0",33
"nuclear_area","Nuclear area","2R_2P_1W_C0_M0","2R(f),W(m)",5,2,"MDA-MB-231","ah[1]","K1",0,0.180154133759199,0.180154133759199,0.0864728142992641,0.0914107045220848,0.0801164766837409,"all_lines_nuclear_area__2r_2p_1w_c0_m0",33
"nuclear_area","Nuclear area","2R_2P_1W_C0_M0","2R(f),W(m)",5,2,"MDA-MB-231","Y_R[1]","y1",0,0.180154133759199,0.180154133759199,5471.32693305262,4874.81321448864,-0.166543823956588,"all_lines_nuclear_area__2r_2p_1w_c0_m0",33
"nuclear_area","Nuclear area","2R_2P_1W_C0_M0","2R(f),W(m)",5,2,"MDA-MB-231","m","m",0,0.180154133759199,0.180154133759199,0.0238537635429504,0.0181621186901453,-0.393284397233519,"all_lines_nuclear_area__2r_2p_1w_c0_m0",33
"nuclear_area","Nuclear area","2R_2P_1W_C0_M0","2R(f),W(m)",5,3,"SNU668","ae[1]","v1",0,0.705095078879184,0.705095078879184,0.000196180471461485,0.000327685910558255,0.740132205521373,"all_lines_nuclear_area__2r_2p_1w_c0_m0",33
"nuclear_area","Nuclear area","2R_2P_1W_C0_M0","2R(f),W(m)",5,3,"SNU668","ah[1]","K1",0,0.705095078879184,0.705095078879184,0.343182209442734,0.42649774512774,0.313563348606539,"all_lines_nuclear_area__2r_2p_1w_c0_m0",33
"nuclear_area","Nuclear area","2R_2P_1W_C0_M0","2R(f),W(m)",5,3,"SNU668","Y_R[1]","y1",0,0.705095078879184,0.705095078879184,14043.1140263681,8938.07730942865,-0.651826456818754,"all_lines_nuclear_area__2r_2p_1w_c0_m0",33
"nuclear_area","Nuclear area","2R_2P_1W_C0_M0","2R(f),W(m)",5,3,"SNU668","m","m",0,0.705095078879184,0.705095078879184,0.0215158102516017,0.00740280331589929,-1.53925356750334,"all_lines_nuclear_area__2r_2p_1w_c0_m0",33
"nuclear_area","Nuclear area","2R_2P_1W_C0_M0","2R(f),W(m)",5,4,"SUM-159-chem","ae[1]","v1",0,0.334735871187983,0.334735871187983,0.000107934312375845,0.000137699461727149,0.351369348660468,"all_lines_nuclear_area__2r_2p_1w_c0_m0",33
"nuclear_area","Nuclear area","2R_2P_1W_C0_M0","2R(f),W(m)",5,4,"SUM-159-chem","ah[1]","K1",0,0.334735871187983,0.334735871187983,0.218471894939252,0.242218378060482,0.148860634278254,"all_lines_nuclear_area__2r_2p_1w_c0_m0",33
"nuclear_area","Nuclear area","2R_2P_1W_C0_M0","2R(f),W(m)",5,4,"SUM-159-chem","Y_R[1]","y1",0,0.334735871187983,0.334735871187983,4621.20027324018,3729.08172690767,-0.309447198572759,"all_lines_nuclear_area__2r_2p_1w_c0_m0",33
"nuclear_area","Nuclear area","2R_2P_1W_C0_M0","2R(f),W(m)",5,4,"SUM-159-chem","m","m",0,0.334735871187983,0.334735871187983,0.0126822265044489,0.00764222649010454,-0.730743128595464,"all_lines_nuclear_area__2r_2p_1w_c0_m0",33
"nuclear_area","Nuclear area","2R_2P_1W_C0_M0","2R(f),W(m)",5,5,"SUM-159-fuse","ae[1]","v1",0,0.0590354702969521,0.0590354702969521,0.000101207232667092,0.000105649168805547,0.0619690225385361,"all_lines_nuclear_area__2r_2p_1w_c0_m0",33
"nuclear_area","Nuclear area","2R_2P_1W_C0_M0","2R(f),W(m)",5,5,"SUM-159-fuse","ah[1]","K1",0,0.0590354702969521,0.0590354702969521,0.297729477022163,0.303197061503716,0.0262537072054167,"all_lines_nuclear_area__2r_2p_1w_c0_m0",33
"nuclear_area","Nuclear area","2R_2P_1W_C0_M0","2R(f),W(m)",5,5,"SUM-159-fuse","Y_R[1]","y1",0,0.0590354702969521,0.0590354702969521,61440.0173208507,59159.2258025328,-0.0545754502945334,"all_lines_nuclear_area__2r_2p_1w_c0_m0",33
"nuclear_area","Nuclear area","2R_2P_1W_C0_M0","2R(f),W(m)",5,5,"SUM-159-fuse","m","m",0,0.0590354702969521,0.0590354702969521,0.0611635146216849,0.0559366665797567,-0.128877028057363,"all_lines_nuclear_area__2r_2p_1w_c0_m0",33
