ploidy,G0,R1,R2,R3,Day,Dilution Factor,Average,CellLine,G
NA,0,4565.06,4820.66,4460.69,0,10,4615,SUM-159-chem,0.008091459
NA,0.1,59455.8,62865.1,59412,0,10,60578,SUM-159-chem,0.083330048
NA,0.25,154835,172576,159819,0,10,162410,SUM-159-chem,0.220239044
NA,0.5,349841,387046,380574,0,10,372487,SUM-159-chem,0.502678037
NA,1,60224.7,65047.8,63141,0,100,62805,SUM-159-chem,0.863239696
NA,5,303505,329964,320549,0,100,318006,SUM-159-chem,4.294308053
NA,25,300687,317452,305346,0,500,307828,SUM-159-chem,20.78736972
low,0,3956.47,3802.87,3542.81,1,10,3767,SUM-159-chem,0.006951245
low,0.1,35269.8,36112,33299.7,1,10,34894,SUM-159-chem,0.048799345
low,0.25,83701.5,90310.9,92149.6,1,10,88721,SUM-159-chem,0.12116708
low,0.5,205133,221995,215802,1,10,214310,SUM-159-chem,0.290016239
low,1,40031.6,43187.8,42001,1,100,41740,SUM-159-chem,0.580038845
low,5,236484,259831,243404,1,100,246573,SUM-159-chem,3.333923784
low,25,221849,251537,238218,1,500,237201,SUM-159-chem,16.03962989
high,0,3506.47,3055.23,3130.14,1,10,3231,SUM-159-chem,0.006229582
high,0.1,26495.2,23853.2,24646.9,1,10,24998,SUM-159-chem,0.035495429
high,0.25,67308.3,56092.7,60220.3,1,10,61207,SUM-159-chem,0.084176338
high,0.5,178233,144859,156539,1,10,159877,SUM-159-chem,0.216833541
high,1,39507,37045.8,39078.2,1,100,38544,SUM-159-chem,0.537063801
high,5,251940,235914,264529,1,100,250794,SUM-159-chem,3.390677695
high,25,243850,236678,261463,1,500,247330,SUM-159-chem,16.72052894
low,0,3696.65,3658.31,3946.35,2,10,3767,SUM-159-chem,0.006950869
low,0.1,21594.7,20274.3,17665.3,2,10,19845,SUM-159-chem,0.028566558
low,0.25,51056.1,45529.4,37217.2,2,10,44601,SUM-159-chem,0.061850055
low,0.5,142789,130558,119742,2,10,131030,SUM-159-chem,0.17804961
low,1,36432.1,37364.7,35199.6,2,100,36332,SUM-159-chem,0.507330739
low,5,239919,259412,255883,2,100,251738,SUM-159-chem,3.403364866
low,25,241581,253620,252093,2,500,249098,SUM-159-chem,16.83935632
high,0,3204.08,3210.74,2861.96,2,10,3092,SUM-159-chem,0.006043573
high,0.1,14926.3,12049.2,11553.4,2,10,12843,SUM-159-chem,0.019152955
high,0.25,30515.5,21179.5,21816.4,2,10,24504,SUM-159-chem,0.034830417
high,0.5,75727,59554,50120.7,2,10,61801,SUM-159-chem,0.084974227
high,1,29976,26186.2,21193.7,2,100,25785,SUM-159-chem,0.365533351
high,5,238833,224563,240582,2,100,234659,SUM-159-chem,3.173749943
high,25,253413,250863,262214,2,500,255497,SUM-159-chem,17.26949217
low,0,3965.27,3775.19,4000.28,3,10,3914,SUM-159-chem,0.0071478
low,0.1,8458.78,8238.51,7108.64,3,10,7935,SUM-159-chem,0.012554834
low,0.25,11600.8,11321.6,9836.83,3,10,10920,SUM-159-chem,0.016567269
low,0.5,24954.1,22882.4,18436,3,10,22091,SUM-159-chem,0.031586292
low,1,18904.4,14122.5,11014.7,3,100,14681,SUM-159-chem,0.216234803
low,5,214077,245053,222571,3,100,227234,SUM-159-chem,3.073915224
low,25,265359,288860,281503,3,500,278574,SUM-159-chem,18.82081354
high,0,3398.8,2653.58,2504.27,3,10,2852,SUM-159-chem,0.005720845
high,0.1,5166.93,4823.84,4928.93,3,10,4973,SUM-159-chem,0.008572456
high,0.25,8143.85,6786.54,7349.17,3,10,7427,SUM-159-chem,0.011870789
high,0.5,11164.9,9290.52,11260.4,3,10,10572,SUM-159-chem,0.016099663
high,1,11233.2,6305.79,7175.69,3,100,8238,SUM-159-chem,0.129620913
high,5,164295,153619,185782,3,100,167899,SUM-159-chem,2.276183075
high,25,272578,262584,281316,3,500,272159,SUM-159-chem,18.38960213
NA,0,7432.04,7579.49,9372.74,0,10,8128.09,SNU668,0.012814018
NA,0.1,44984,49448.4,50249.7,0,10,48227.36667,SNU668,0.066725675
NA,0.25,130368,142043,136004,0,10,136138.3333,SNU668,0.184917981
NA,0.5,359918,386059,370685,0,10,372220.6667,SNU668,0.502319964
NA,1,53474.6,56217.9,53902,0,100,54531.5,SNU668,0.752012965
NA,5,360795,359995,349219,0,100,356669.6667,SNU668,4.814123506
NA,25,300711,299128,287805,0,500,295881.3333,SNU668,19.98425975
low,0,5012.13,5291.8,5221.71,1,10,5175.213333,SNU668,0.008844009
low,0.1,18727.1,19603.2,19529.5,1,10,19286.6,SNU668,0.027816128
low,0.25,51771.3,55582.3,54305.1,1,10,53886.23333,SNU668,0.074333765
low,0.5,171230,187334,173914,1,10,177492.6667,SNU668,0.240517005
low,1,32737.1,35057.2,35247.2,1,100,34347.16667,SNU668,0.480643763
low,5,242867,263019,257135,1,100,254340.3333,SNU668,3.438352056
low,25,256997,260857,258303,1,500,258719,SNU668,17.48610621
high,0,5069.83,5323.28,5254.53,1,10,5215.88,SNU668,0.008898683
high,0.1,16199.7,15362.5,16487.2,1,10,16016.46667,SNU668,0.023419582
high,0.25,40805.6,42143.4,42735.3,1,10,41894.76667,SNU668,0.058211782
high,0.5,135193,133033,137548,1,10,135258,SNU668,0.183734412
high,1,32308.7,31770.7,32525.3,1,100,32201.56667,SNU668,0.451797145
high,5,259826,254879,279506,1,100,264737,SNU668,3.578130522
high,25,262814,269264,267581,1,500,266553,SNU668,18.01272909
low,0,5111.34,4798.31,4858.06,2,10,4922.57,SNU668,0.008504341
low,0.1,4211.04,3543.14,3724.01,2,10,3826.063333,SNU668,0.007030138
low,0.25,5423.11,5419.64,5486.29,2,10,5443.013333,SNU668,0.009204054
low,0.5,11993.2,10242.8,9164.68,2,10,10466.89333,SNU668,0.015958433
low,1,6625.32,6388.6,6326.98,2,100,6446.966667,SNU668,0.105538235
low,5,184090,204163,187405,2,100,191886,SNU668,2.598681886
low,25,257520,260602,261082,2,500,259734.6667,SNU668,17.5543821
high,0,5041.44,5258.84,4729.7,2,10,5009.993333,SNU668,0.008621878
high,0.1,3299.65,3389.41,3185.26,2,10,3291.44,SNU668,0.006311361
high,0.25,4090.48,3935.79,4268.87,2,10,4098.38,SNU668,0.007396255
high,0.5,5587.59,5855,6835.95,2,10,6092.846667,SNU668,0.010077725
high,1,5245.9,5424.01,5256.89,2,100,5308.933333,SNU668,0.090237894
high,5,177690,168309,172676,2,100,172891.6667,SNU668,2.343311694
high,25,259075,266565,271716,2,500,265785.3333,SNU668,17.96112444
low,0,5430.35,6979.26,5523.88,3,10,5977.83,SNU668,0.009923091
low,0.1,2561.46,3057.99,2954.17,3,10,2857.873333,SNU668,0.00572845
low,0.25,2887.91,2644.22,2719.23,3,10,2750.453333,SNU668,0.005584029
low,0.5,2968.32,2868.68,2935.06,3,10,2924.02,SNU668,0.005817382
low,1,2990.23,3437.43,3388.87,3,100,3272.176667,SNU668,0.062854625
low,5,83571.5,87811,84138.3,3,100,85173.6,SNU668,1.163982094
low,25,237216,231895,232190,3,500,233767,SNU668,15.80876463
high,0,4867.74,5568.68,5594.69,3,10,5343.703333,SNU668,0.009070536
high,0.1,2802.69,3062.74,3579.79,3,10,3148.406667,SNU668,0.006119059
high,0.25,2882.7,2997.65,4031.02,3,10,3303.79,SNU668,0.006327965
high,0.5,3147.18,3042.32,6416.72,3,10,4202.073333,SNU668,0.007535666
high,1,2897.51,3065.62,3631.07,3,100,3198.066667,SNU668,0.061858249
high,5,5983.98,4696.89,7580.86,3,100,6087.243333,SNU668,0.100701918
high,25,231962,239520,245426,3,500,238969.3333,SNU668,16.15847968
