context,assay,image_key,ploidy_state,G0_mM,hours,position,n_cells,image_median_bg_z,pair_id
C00 fuse,C00 monoculture,SUM-159_C00-IncucyteRawDataLiveDead-varyGlucose_C2_2_01d16h00m,low,0.1,40,2,203,0.835604496928792,C00 fuse|0.1|40|2
C00 fuse,C00 monoculture,SUM-159_C00-IncucyteRawDataLiveDead-varyGlucose_C3_2_01d16h00m,low,0.5,40,2,331,0.699496890229545,C00 fuse|0.5|40|2
C00 fuse,C00 monoculture,SUM-159_C00-IncucyteRawDataLiveDead-varyGlucose_C4_2_01d16h00m,low,1,40,2,321,0.626897784100209,C00 fuse|1|40|2
C00 fuse,C00 monoculture,SUM-159_C00-IncucyteRawDataLiveDead-varyGlucose_C7_2_01d16h00m,high,0.1,40,2,159,0.574295787836929,C00 fuse|0.1|40|2
C00 fuse,C00 monoculture,SUM-159_C00-IncucyteRawDataLiveDead-varyGlucose_C8_2_01d16h00m,high,0.5,40,2,383,0.623922285249279,C00 fuse|0.5|40|2
C00 fuse,C00 monoculture,SUM-159_C00-IncucyteRawDataLiveDead-varyGlucose_C9_2_01d16h00m,high,1,40,2,586,0.462097342156023,C00 fuse|1|40|2
C00 fuse,C00 monoculture,SUM-159_C00-IncucyteRawDataLiveDead-varyGlucose_F2_3_01d16h00m,low,0.1,40,3,260,0.728564632717049,C00 fuse|0.1|40|3
C00 fuse,C00 monoculture,SUM-159_C00-IncucyteRawDataLiveDead-varyGlucose_F3_3_01d16h00m,low,0.5,40,3,316,0.719235957335227,C00 fuse|0.5|40|3
C00 fuse,C00 monoculture,SUM-159_C00-IncucyteRawDataLiveDead-varyGlucose_F4_3_01d16h00m,low,1,40,3,459,0.655277438956692,C00 fuse|1|40|3
C00 fuse,C00 monoculture,SUM-159_C00-IncucyteRawDataLiveDead-varyGlucose_F7_3_01d16h00m,high,0.1,40,3,286,0.502323099598271,C00 fuse|0.1|40|3
C00 fuse,C00 monoculture,SUM-159_C00-IncucyteRawDataLiveDead-varyGlucose_F8_3_01d16h00m,high,0.5,40,3,378,0.358236661523493,C00 fuse|0.5|40|3
C00 fuse,C00 monoculture,SUM-159_C00-IncucyteRawDataLiveDead-varyGlucose_F9_3_01d16h00m,high,1,40,3,413,0.429925314674934,C00 fuse|1|40|3
I00 fuse,I00 monoculture,SUM-159_I00-IncucyteRawDataLiveDead-varyGlucose_C10_2_01d08h00m,high,0.5,32,2,432,0.484541622612539,I00 fuse|0.5|32|2
I00 fuse,I00 monoculture,SUM-159_I00-IncucyteRawDataLiveDead-varyGlucose_C11_2_01d08h00m,high,1,32,2,520,0.377860176243154,I00 fuse|1|32|2
I00 fuse,I00 monoculture,SUM-159_I00-IncucyteRawDataLiveDead-varyGlucose_C3_2_01d08h00m,low,0.1,32,2,261,0.705059349467157,I00 fuse|0.1|32|2
I00 fuse,I00 monoculture,SUM-159_I00-IncucyteRawDataLiveDead-varyGlucose_C4_2_01d08h00m,low,0.25,32,2,274,0.650557344473343,I00 fuse|0.25|32|2
I00 fuse,I00 monoculture,SUM-159_I00-IncucyteRawDataLiveDead-varyGlucose_C5_2_01d08h00m,low,0.5,32,2,292,0.568183449970967,I00 fuse|0.5|32|2
I00 fuse,I00 monoculture,SUM-159_I00-IncucyteRawDataLiveDead-varyGlucose_C6_2_01d08h00m,low,1,32,2,304,0.731775081758932,I00 fuse|1|32|2
I00 fuse,I00 monoculture,SUM-159_I00-IncucyteRawDataLiveDead-varyGlucose_C8_2_01d08h00m,high,0.1,32,2,246,0.497119977877198,I00 fuse|0.1|32|2
I00 fuse,I00 monoculture,SUM-159_I00-IncucyteRawDataLiveDead-varyGlucose_C9_2_01d08h00m,high,0.25,32,2,403,0.380295979286354,I00 fuse|0.25|32|2
I00 fuse,I00 monoculture,SUM-159_I00-IncucyteRawDataLiveDead-varyGlucose_D10_3_01d08h00m,high,0.5,32,3,483,0.396619244346484,I00 fuse|0.5|32|3
I00 fuse,I00 monoculture,SUM-159_I00-IncucyteRawDataLiveDead-varyGlucose_D11_3_01d08h00m,high,1,32,3,521,0.435871157178705,I00 fuse|1|32|3
I00 fuse,I00 monoculture,SUM-159_I00-IncucyteRawDataLiveDead-varyGlucose_D3_3_01d08h00m,low,0.1,32,3,332,0.849037042580064,I00 fuse|0.1|32|3
I00 fuse,I00 monoculture,SUM-159_I00-IncucyteRawDataLiveDead-varyGlucose_D4_3_01d08h00m,low,0.25,32,3,277,0.499443446966465,I00 fuse|0.25|32|3
I00 fuse,I00 monoculture,SUM-159_I00-IncucyteRawDataLiveDead-varyGlucose_D5_3_01d08h00m,low,0.5,32,3,323,0.688709519669301,I00 fuse|0.5|32|3
I00 fuse,I00 monoculture,SUM-159_I00-IncucyteRawDataLiveDead-varyGlucose_D6_3_01d08h00m,low,1,32,3,448,0.726930242188851,I00 fuse|1|32|3
I00 fuse,I00 monoculture,SUM-159_I00-IncucyteRawDataLiveDead-varyGlucose_D8_3_01d08h00m,high,0.1,32,3,351,0.487908942497848,I00 fuse|0.1|32|3
I00 fuse,I00 monoculture,SUM-159_I00-IncucyteRawDataLiveDead-varyGlucose_D9_3_01d08h00m,high,0.25,32,3,470,0.425729461040761,I00 fuse|0.25|32|3
J00 mixture,J00 mixture,SUM159_J00_Competition_F11_1_01d16h00m,low,1,40,1,316,0.655515343824893,SUM159_J00_Competition_F11_1_01d16h00m
J00 mixture,J00 mixture,SUM159_J00_Competition_F11_1_01d16h00m,high,1,40,1,300,0.371375992040451,SUM159_J00_Competition_F11_1_01d16h00m
J00 mixture,J00 mixture,SUM159_J00_Competition_F5_3_01d16h00m,high,0.1,40,3,135,0.418236701295591,SUM159_J00_Competition_F5_3_01d16h00m
J00 mixture,J00 mixture,SUM159_J00_Competition_F5_3_01d16h00m,low,0.1,40,3,141,0.585843836723192,SUM159_J00_Competition_F5_3_01d16h00m
J00 mixture,J00 mixture,SUM159_J00_Competition_F7_1_01d08h00m,low,0.25,32,1,193,0.620940963925469,SUM159_J00_Competition_F7_1_01d08h00m
J00 mixture,J00 mixture,SUM159_J00_Competition_F7_1_01d08h00m,high,0.25,32,1,211,0.478071144058817,SUM159_J00_Competition_F7_1_01d08h00m
J00 mixture,J00 mixture,SUM159_J00_Competition_F7_3_01d08h00m,low,0.25,32,3,159,0.708342440634913,SUM159_J00_Competition_F7_3_01d08h00m
J00 mixture,J00 mixture,SUM159_J00_Competition_F7_3_01d08h00m,high,0.25,32,3,211,0.498410485354442,SUM159_J00_Competition_F7_3_01d08h00m
J00 mixture,J00 mixture,SUM159_J00_Competition_F8_3_01d08h00m,high,0.5,32,3,120,0.425618916697156,SUM159_J00_Competition_F8_3_01d08h00m
J00 mixture,J00 mixture,SUM159_J00_Competition_F8_3_01d08h00m,low,0.5,32,3,118,0.593786080891377,SUM159_J00_Competition_F8_3_01d08h00m
J00 mixture,J00 mixture,SUM159_J00_Competition_F8_4_01d16h00m,low,0.5,40,4,156,0.581267783671807,SUM159_J00_Competition_F8_4_01d16h00m
J00 mixture,J00 mixture,SUM159_J00_Competition_F8_4_01d16h00m,high,0.5,40,4,229,0.410497516174347,SUM159_J00_Competition_F8_4_01d16h00m
J00 mixture,J00 mixture,SUM159_J00_Competition_F9_2_01d16h00m,low,0.5,40,2,222,0.607579105054899,SUM159_J00_Competition_F9_2_01d16h00m
J00 mixture,J00 mixture,SUM159_J00_Competition_F9_2_01d16h00m,high,0.5,40,2,200,0.375689036119528,SUM159_J00_Competition_F9_2_01d16h00m
J00 mixture,J00 mixture,SUM159_J00_Competition_F9_4_01d08h00m,low,0.5,32,4,116,0.805857274011704,SUM159_J00_Competition_F9_4_01d08h00m
J00 mixture,J00 mixture,SUM159_J00_Competition_F9_4_01d08h00m,high,0.5,32,4,160,0.460712626536125,SUM159_J00_Competition_F9_4_01d08h00m
J00 mixture,J00 mixture,SUM159_J00_Competition_G10_1_01d08h00m,high,1,32,1,228,0.327060951731552,SUM159_J00_Competition_G10_1_01d08h00m
J00 mixture,J00 mixture,SUM159_J00_Competition_G10_1_01d08h00m,low,1,32,1,247,0.665494192920535,SUM159_J00_Competition_G10_1_01d08h00m
J00 mixture,J00 mixture,SUM159_J00_Competition_G11_1_01d08h00m,high,1,32,1,213,0.476112213536467,SUM159_J00_Competition_G11_1_01d08h00m
J00 mixture,J00 mixture,SUM159_J00_Competition_G11_1_01d08h00m,low,1,32,1,229,0.685742559023867,SUM159_J00_Competition_G11_1_01d08h00m
J00 mixture,J00 mixture,SUM159_J00_Competition_G11_2_01d16h00m,high,1,40,2,349,0.415662876997528,SUM159_J00_Competition_G11_2_01d16h00m
J00 mixture,J00 mixture,SUM159_J00_Competition_G11_2_01d16h00m,low,1,40,2,305,0.591667020364087,SUM159_J00_Competition_G11_2_01d16h00m
J00 mixture,J00 mixture,SUM159_J00_Competition_G4_3_01d08h00m,high,0.1,32,3,120,0.463481546133604,SUM159_J00_Competition_G4_3_01d08h00m
J00 mixture,J00 mixture,SUM159_J00_Competition_G4_3_01d08h00m,low,0.1,32,3,181,0.733627680074716,SUM159_J00_Competition_G4_3_01d08h00m
J00 mixture,J00 mixture,SUM159_J00_Competition_G5_2_01d08h00m,low,0.1,32,2,191,0.377587660462834,SUM159_J00_Competition_G5_2_01d08h00m
J00 mixture,J00 mixture,SUM159_J00_Competition_G5_2_01d08h00m,high,0.1,32,2,152,0.267700509699038,SUM159_J00_Competition_G5_2_01d08h00m
J00 mixture,J00 mixture,SUM159_J00_Competition_G5_4_01d16h00m,high,0.1,40,4,122,0.533643250692541,SUM159_J00_Competition_G5_4_01d16h00m
J00 mixture,J00 mixture,SUM159_J00_Competition_G5_4_01d16h00m,low,0.1,40,4,123,0.845305726179424,SUM159_J00_Competition_G5_4_01d16h00m
M00b chem,M00b monoculture,SUM-159_M00b-IncucyteRawDataLiveDead-varyGlucose_C10_2_01d08h00m,high,0.5,32,2,174,0.655965250072551,M00b chem|0.5|32|2
M00b chem,M00b monoculture,SUM-159_M00b-IncucyteRawDataLiveDead-varyGlucose_C11_2_01d08h00m,high,1,32,2,203,0.70119827488961,M00b chem|1|32|2
M00b chem,M00b monoculture,SUM-159_M00b-IncucyteRawDataLiveDead-varyGlucose_C3_2_01d08h00m,low,0.1,32,2,74,0.573699663993932,M00b chem|0.1|32|2
M00b chem,M00b monoculture,SUM-159_M00b-IncucyteRawDataLiveDead-varyGlucose_C4_2_01d08h00m,low,0.25,32,2,179,0.720378223701756,M00b chem|0.25|32|2
M00b chem,M00b monoculture,SUM-159_M00b-IncucyteRawDataLiveDead-varyGlucose_C5_2_01d08h00m,low,0.5,32,2,175,0.451152852984787,M00b chem|0.5|32|2
M00b chem,M00b monoculture,SUM-159_M00b-IncucyteRawDataLiveDead-varyGlucose_C6_2_01d08h00m,low,1,32,2,251,0.62566880146042,M00b chem|1|32|2
M00b chem,M00b monoculture,SUM-159_M00b-IncucyteRawDataLiveDead-varyGlucose_C8_2_01d08h00m,high,0.1,32,2,131,0.665301883991728,M00b chem|0.1|32|2
M00b chem,M00b monoculture,SUM-159_M00b-IncucyteRawDataLiveDead-varyGlucose_C9_2_01d08h00m,high,0.25,32,2,134,0.719481293331816,M00b chem|0.25|32|2
M00b chem,M00b monoculture,SUM-159_M00b-IncucyteRawDataLiveDead-varyGlucose_D10_3_01d08h00m,high,0.5,32,3,182,0.777427306745248,M00b chem|0.5|32|3
M00b chem,M00b monoculture,SUM-159_M00b-IncucyteRawDataLiveDead-varyGlucose_D11_3_01d08h00m,high,1,32,3,160,0.607532155174908,M00b chem|1|32|3
M00b chem,M00b monoculture,SUM-159_M00b-IncucyteRawDataLiveDead-varyGlucose_D3_3_01d08h00m,low,0.1,32,3,56,0.362273923345229,M00b chem|0.1|32|3
M00b chem,M00b monoculture,SUM-159_M00b-IncucyteRawDataLiveDead-varyGlucose_D4_3_01d08h00m,low,0.25,32,3,61,0.490717316585528,M00b chem|0.25|32|3
M00b chem,M00b monoculture,SUM-159_M00b-IncucyteRawDataLiveDead-varyGlucose_D5_3_01d08h00m,low,0.5,32,3,111,0.453538445364015,M00b chem|0.5|32|3
M00b chem,M00b monoculture,SUM-159_M00b-IncucyteRawDataLiveDead-varyGlucose_D6_3_01d08h00m,low,1,32,3,90,0.438594267474379,M00b chem|1|32|3
M00b chem,M00b monoculture,SUM-159_M00b-IncucyteRawDataLiveDead-varyGlucose_D8_3_01d08h00m,high,0.1,32,3,157,0.57056582343897,M00b chem|0.1|32|3
M00b chem,M00b monoculture,SUM-159_M00b-IncucyteRawDataLiveDead-varyGlucose_D9_3_01d08h00m,high,0.25,32,3,155,0.707074684878948,M00b chem|0.25|32|3
