role	assembly_path	upstream_path	sha256	identity
figure manifest	manuscripts/20260731T101031_v03/source/figure_set_manifest.csv	agent-dev/manuscript_integration/20260729_v03_figure_set_integration/figure_set_manifest.csv	95cf3d3b2f003ea7b4a19c45eca7c17823ffb4bcfcd77eb9cae8667f6a5934ce	match
figure legends	manuscripts/20260731T101031_v03/source/integrated_figure_legends.md	agent-dev/manuscript_integration/20260729_v03_figure_set_integration/integrated_figure_legends.md	6ed32a6462609aea2fbaf406877033a0349843a393d265480905bbaaec9702c8	match
combined Results	manuscripts/20260731T101031_v03/source/manuscript_sections/results.md	agent-dev/manuscript_results/20260731_v03_results_revision/combined_results_preview.md	da35e657f70566c7e3f58e4d6a26eb8e40731d1a305d39c882eafef14fdacd0f	match
Methods	manuscripts/20260731T101031_v03/source/manuscript_sections/methods.md	agent-dev/manuscript_methods/20260730_v03_methods_provenance_reconstruction/methods_text.md	b766a8019ad718462614fcb07f4c45633a7ee9a40334018fa68f275c998a0ad7	match
claim graph	manuscripts/20260731T101031_v03/evidence/claim_graph/claim_graph_integrated.json	agent-dev/manuscript_claim_graph/20260730_v03_clean_figure_level_graph/claim_graph_integrated.json	ecbbfe3fdcc0635d0f32e253da25cd1bc6cc88de64024332c43f4e6036740ee5	match
Methods provenance	manuscripts/20260731T101031_v03/evidence/methods/locked_provenance_table.md	agent-dev/manuscript_methods/20260730_v03_methods_provenance_reconstruction/locked_provenance_table.md	dac28db70acb5ec21f9789d690624e65415ef0c03825c509a0d272d9c3e5a378	match
Results sidecar results_measurement_foundation.md	manuscripts/20260731T101031_v03/source/manuscript_sections/results/results_measurement_foundation.md	agent-dev/manuscript_results/20260731_v03_results_revision/manuscript_sections/results/results_measurement_foundation.md	4889d566f8395bed72aeb51291e18ca78a2e2d55ad83eda864bde8fd08af1836	match
Results sidecar results_direct_features.md	manuscripts/20260731T101031_v03/source/manuscript_sections/results/results_direct_features.md	agent-dev/manuscript_results/20260731_v03_results_revision/manuscript_sections/results/results_direct_features.md	323d53288bbb3a27928bd57c2f4ce3ae460235e451f7ae7c0d6dec4243cf1fff	match
Results sidecar results_mechanistic_models.md	manuscripts/20260731T101031_v03/source/manuscript_sections/results/results_mechanistic_models.md	agent-dev/manuscript_results/20260731_v03_results_revision/manuscript_sections/results/results_mechanistic_models.md	114beab94807e56232bd7f2447766ac126d4ec741e5d9c8f15aa5db274b13f98	match
Results sidecar results_posterior_size_context.md	manuscripts/20260731T101031_v03/source/manuscript_sections/results/results_posterior_size_context.md	agent-dev/manuscript_results/20260731_v03_results_revision/manuscript_sections/results/results_posterior_size_context.md	e10ed062c2e11cb9790289dbbea0b725bda95ff02e34f7b23547b49fdcb6841a	match
Results sidecar results_selection_simulations.md	manuscripts/20260731T101031_v03/source/manuscript_sections/results/results_selection_simulations.md	agent-dev/manuscript_results/20260731_v03_results_revision/manuscript_sections/results/results_selection_simulations.md	84e3c0d330f02c7470707a95459027f2e92b05d3e3d4b88facc6425c6fe43124	match
served abstract	manuscripts/20260731T101031_v03/source/manuscript_sections/abstract.md	agent-dev/manuscript_aid/20260731_v03_aid_serving/served/abstract.md	8db1c0a7bb099b23e9a7d6af820d756f73a06cf18d248b1871b3d699b55d8959	match
served introduction	manuscripts/20260731T101031_v03/source/manuscript_sections/introduction.md	agent-dev/manuscript_aid/20260731_v03_aid_serving/served/introduction.md	cf1ce2dc387b65f9ec4ad1aed0bda306e221650ecc70fdcd728ce9dd3ba465d6	match
served discussion	manuscripts/20260731T101031_v03/source/manuscript_sections/discussion.md	agent-dev/manuscript_aid/20260731_v03_aid_serving/served/discussion.md	47beeb7d5fe73f24f199abf390846fbc9d8dc319b47b73eabd1fab7864aec270	match
served references	manuscripts/20260731T101031_v03/source/manuscript_sections/references.md	agent-dev/manuscript_aid/20260731_v03_aid_serving/served/references.md	999ca06b67201316942ae294127fb43c94501255e1c7d3df3675e45621686d86	match
figure F1	manuscripts/20260731T101031_v03/assets/figures/F1.png	agent-dev/manuscript_integration/20260729_v03_figure_set_integration/final_images/F1.png	141a692d3fe11197b8780b4e85a31bbad2539cbbf98ced319a3ff9a385a8d262	match
figure F2	manuscripts/20260731T101031_v03/assets/figures/F2.png	agent-dev/manuscript_integration/20260729_v03_figure_set_integration/final_images/F2.png	a719945ec28ea6ccb88c08c4a7ff97189226baa31995d349d5e988e2e8d7becb	match
figure F3	manuscripts/20260731T101031_v03/assets/figures/F3.png	agent-dev/manuscript_integration/20260729_v03_figure_set_integration/final_images/F3.png	d1ebc090f854197bcba87128cd9770e052827d97a581c8e994fb54b9637af2bc	match
figure F4	manuscripts/20260731T101031_v03/assets/figures/F4.png	agent-dev/manuscript_integration/20260729_v03_figure_set_integration/final_images/F4.png	689f049463e57e64123fecf5c9e66b5dc30b1b45d3b381993c462b8af3492de6	match
figure F5	manuscripts/20260731T101031_v03/assets/figures/F5.png	agent-dev/manuscript_integration/20260729_v03_figure_set_integration/final_images/F5.png	375fbd6339ffe8f55e6503f9a717410d907f3ec5f3c3adb2e3c60d2d0287326d	match
figure S1	manuscripts/20260731T101031_v03/assets/figures/S1.png	agent-dev/manuscript_integration/20260729_v03_figure_set_integration/final_images/S1.png	b910b61f5dc0cafbcacfe2b1232bb45820ce1945606a10809376fb7cae06511f	match
figure S2	manuscripts/20260731T101031_v03/assets/figures/S2.png	agent-dev/manuscript_integration/20260729_v03_figure_set_integration/final_images/S2.png	8a8ff36cf20449ba3372d7740ca4ab2cfc43b603a28fde870b4367e66abb6f6e	match
figure S3	manuscripts/20260731T101031_v03/assets/figures/S3.png	agent-dev/manuscript_integration/20260729_v03_figure_set_integration/final_images/S3.png	5351f8591952344b17033e12b706a6f39119c1c77e5ddf2f18a1d567d1e26bdf	match
figure S4	manuscripts/20260731T101031_v03/assets/figures/S4.png	agent-dev/manuscript_integration/20260729_v03_figure_set_integration/final_images/S4.png	bb7d2b56c57c53513d7cca3bbaf2bbf13eac74bf1ee6b6f7d1ddad753828490b	match
figure S5	manuscripts/20260731T101031_v03/assets/figures/S5.png	agent-dev/manuscript_integration/20260729_v03_figure_set_integration/final_images/S5.png	28bf2174f3e68f5041520fe4152cac97a8341477817bf7d14f54f9a2a9a7500b	match
figure S6	manuscripts/20260731T101031_v03/assets/figures/S6.png	agent-dev/manuscript_integration/20260729_v03_figure_set_integration/final_images/S6.png	d1119af9f26a738fc96a4455cb18b11b3377fafa6f2a8c9405aa7fd524c19806	match
figure S7	manuscripts/20260731T101031_v03/assets/figures/S7.png	agent-dev/manuscript_integration/20260729_v03_figure_set_integration/final_images/S7.png	230fa9a90349b3d9beb22daa0a32253b86f5fb90b1626c981fda0af821e80f67	match
figure S8	manuscripts/20260731T101031_v03/assets/figures/S8.png	agent-dev/manuscript_integration/20260729_v03_figure_set_integration/final_images/S8.png	e08cfd788072878a7d6c06ac78053b523aaa22fecac02cfd699e05a50c346058	match
figure S9	manuscripts/20260731T101031_v03/assets/figures/S9.png	agent-dev/manuscript_integration/20260729_v03_figure_set_integration/final_images/S9.png	07b898848b842e5a8d7185bd152e35fe4c5e8a3adcda3c86b3290d774b463d36	match
figure S10	manuscripts/20260731T101031_v03/assets/figures/S10.png	agent-dev/manuscript_integration/20260729_v03_figure_set_integration/final_images/S10.png	4033e89591214a5fa1f0427e8fc083cfed17576718aabce7c9072b6120f9a6d3	match
figure S11	manuscripts/20260731T101031_v03/assets/figures/S11.png	agent-dev/manuscript_integration/20260729_v03_figure_set_integration/final_images/S11.png	e7880a77d05a3824432984a47af9ebcf5e6aa554017c34aa722abaa832ce0b6c	match
figure S12	manuscripts/20260731T101031_v03/assets/figures/S12.png	agent-dev/manuscript_integration/20260729_v03_figure_set_integration/final_images/S12.png	5847234c059249428feb67384f95c9ffd37d2632be91dd9fa4edf60618afd6a6	match
figure S13	manuscripts/20260731T101031_v03/assets/figures/S13.png	agent-dev/manuscript_integration/20260729_v03_figure_set_integration/final_images/S13.png	cc1d51b90dfd8181e3e03b029e7cd3932456c19e6beb369c0d6bfe4f2f37fe17	match
figure S14	manuscripts/20260731T101031_v03/assets/figures/S14.png	agent-dev/manuscript_integration/20260729_v03_figure_set_integration/final_images/S14.png	872f6cee7208baa4feee809b2aa4e2e71ae1066b3db97ceb22442fbcec973ceb	match
figure S15	manuscripts/20260731T101031_v03/assets/figures/S15.png	agent-dev/manuscript_integration/20260729_v03_figure_set_integration/final_images/S15.png	74379b5137abf0cca3352d9fd9b1f5533e28c6fbf605457f27b087f24dee6707	match
figure S16	manuscripts/20260731T101031_v03/assets/figures/S16.png	agent-dev/manuscript_integration/20260729_v03_figure_set_integration/final_images/S16.png	220612d1108b26912c2c93cbd16a3c6294c4b4fe9acaf2010326d417760fb8d2	match
figure S17	manuscripts/20260731T101031_v03/assets/figures/S17.png	agent-dev/manuscript_integration/20260729_v03_figure_set_integration/final_images/S17.png	24f4af0607975068e53f1f96197ba0a959b833c83afa78d1a80f2cde76da8300	match
figure S18	manuscripts/20260731T101031_v03/assets/figures/S18.png	agent-dev/manuscript_integration/20260729_v03_figure_set_integration/final_images/S18.png	7a4b0caf518491ef40009e88155a26c65909b31d474127b382161ce84b228652	match
