batch_id,replicate_well,cell_line,experiment,batch_display,n_ploidy_values,n_G0_values,ploidy_raw,G0_mM,n_images,first_hour,last_hour,plate_row,plate_col,ploidy_state,n_alive_cells,n_area_images_24_48h,area_first_hour,area_last_hour,n_alive_cells_with_nucleus,median_segmented_area_px,median_nuclear_area_px
fuse_gluccell_C00,B2,SUM-159-fuse,C00-IncucyteRawDataLiveDead-varyGlucose,SUM-159-fuse / GlucCell batch (C00),1,1,2N,0.1,72,8,144,B,2,low,2710,16,24,48,2710,1666,189
fuse_gluccell_C00,B3,SUM-159-fuse,C00-IncucyteRawDataLiveDead-varyGlucose,SUM-159-fuse / GlucCell batch (C00),1,1,2N,0.5,72,8,144,B,3,low,4591,16,24,48,4589,2070,227
fuse_gluccell_C00,B4,SUM-159-fuse,C00-IncucyteRawDataLiveDead-varyGlucose,SUM-159-fuse / GlucCell batch (C00),1,1,2N,1,72,8,144,B,4,low,5159,16,24,48,5159,1988,226
fuse_gluccell_C00,B5,SUM-159-fuse,C00-IncucyteRawDataLiveDead-varyGlucose,SUM-159-fuse / GlucCell batch (C00),1,1,2N,5,72,8,144,B,5,low,5319,16,24,48,5319,1794,217
fuse_gluccell_C00,B6,SUM-159-fuse,C00-IncucyteRawDataLiveDead-varyGlucose,SUM-159-fuse / GlucCell batch (C00),1,1,2N,25,72,8,144,B,6,low,4989,16,24,48,4987,1808,221
fuse_gluccell_C00,B7,SUM-159-fuse,C00-IncucyteRawDataLiveDead-varyGlucose,SUM-159-fuse / GlucCell batch (C00),1,1,4N,0.1,72,8,144,B,7,high,2116,16,24,48,2116,1459.5,215
fuse_gluccell_C00,B8,SUM-159-fuse,C00-IncucyteRawDataLiveDead-varyGlucose,SUM-159-fuse / GlucCell batch (C00),1,1,4N,0.5,72,8,144,B,8,high,4535,16,24,48,4535,1434,225
fuse_gluccell_C00,B9,SUM-159-fuse,C00-IncucyteRawDataLiveDead-varyGlucose,SUM-159-fuse / GlucCell batch (C00),1,1,4N,1,72,8,144,B,9,high,6825,16,24,48,6825,1319,223
fuse_gluccell_C00,B10,SUM-159-fuse,C00-IncucyteRawDataLiveDead-varyGlucose,SUM-159-fuse / GlucCell batch (C00),1,1,4N,5,72,8,144,B,10,high,7608,16,24,48,7608,1257,214
fuse_gluccell_C00,B11,SUM-159-fuse,C00-IncucyteRawDataLiveDead-varyGlucose,SUM-159-fuse / GlucCell batch (C00),1,1,4N,25,72,8,144,B,11,high,8392,16,24,48,8392,1226,216
fuse_gluccell_C00,C2,SUM-159-fuse,C00-IncucyteRawDataLiveDead-varyGlucose,SUM-159-fuse / GlucCell batch (C00),1,1,2N,0.1,72,8,144,C,2,low,3278,16,24,48,3278,1672,183
fuse_gluccell_C00,C3,SUM-159-fuse,C00-IncucyteRawDataLiveDead-varyGlucose,SUM-159-fuse / GlucCell batch (C00),1,1,2N,0.5,72,8,144,C,3,low,4486,16,24,48,4486,1983.5,219
fuse_gluccell_C00,C4,SUM-159-fuse,C00-IncucyteRawDataLiveDead-varyGlucose,SUM-159-fuse / GlucCell batch (C00),1,1,2N,1,72,8,144,C,4,low,5307,16,24,48,5307,1979,228
fuse_gluccell_C00,C5,SUM-159-fuse,C00-IncucyteRawDataLiveDead-varyGlucose,SUM-159-fuse / GlucCell batch (C00),1,1,2N,5,72,8,144,C,5,low,6396,16,24,48,6395,1781,216
fuse_gluccell_C00,C6,SUM-159-fuse,C00-IncucyteRawDataLiveDead-varyGlucose,SUM-159-fuse / GlucCell batch (C00),1,1,2N,25,72,8,144,C,6,low,5985,16,24,48,5984,1793,219
fuse_gluccell_C00,C7,SUM-159-fuse,C00-IncucyteRawDataLiveDead-varyGlucose,SUM-159-fuse / GlucCell batch (C00),1,1,4N,0.1,72,8,144,C,7,high,2766,16,24,48,2765,1404,206
fuse_gluccell_C00,C8,SUM-159-fuse,C00-IncucyteRawDataLiveDead-varyGlucose,SUM-159-fuse / GlucCell batch (C00),1,1,4N,0.5,72,8,144,C,8,high,5252,16,24,48,5249,1364.5,219
fuse_gluccell_C00,C9,SUM-159-fuse,C00-IncucyteRawDataLiveDead-varyGlucose,SUM-159-fuse / GlucCell batch (C00),1,1,4N,1,72,8,144,C,9,high,7825,16,24,48,7824,1269,220
fuse_gluccell_C00,C10,SUM-159-fuse,C00-IncucyteRawDataLiveDead-varyGlucose,SUM-159-fuse / GlucCell batch (C00),1,1,4N,5,72,8,144,C,10,high,8748,16,24,48,8746,1206,210
fuse_gluccell_C00,C11,SUM-159-fuse,C00-IncucyteRawDataLiveDead-varyGlucose,SUM-159-fuse / GlucCell batch (C00),1,1,4N,25,72,8,144,C,11,high,8125,16,24,48,8124,1233,217
fuse_gluccell_C00,D2,SUM-159-fuse,C00-IncucyteRawDataLiveDead-varyGlucose,SUM-159-fuse / GlucCell batch (C00),1,1,2N,0.1,72,8,144,D,2,low,3254,16,24,48,3253,1704.5,183
fuse_gluccell_C00,D3,SUM-159-fuse,C00-IncucyteRawDataLiveDead-varyGlucose,SUM-159-fuse / GlucCell batch (C00),1,1,2N,0.5,72,8,144,D,3,low,4819,16,24,48,4818,1978,217
fuse_gluccell_C00,D4,SUM-159-fuse,C00-IncucyteRawDataLiveDead-varyGlucose,SUM-159-fuse / GlucCell batch (C00),1,1,2N,1,72,8,144,D,4,low,5937,16,24,48,5937,1915,226
fuse_gluccell_C00,D5,SUM-159-fuse,C00-IncucyteRawDataLiveDead-varyGlucose,SUM-159-fuse / GlucCell batch (C00),1,1,2N,5,72,8,144,D,5,low,6231,16,24,48,6231,1785,217
fuse_gluccell_C00,D6,SUM-159-fuse,C00-IncucyteRawDataLiveDead-varyGlucose,SUM-159-fuse / GlucCell batch (C00),1,1,2N,25,72,8,144,D,6,low,5060,16,24,48,5060,1827,219
fuse_gluccell_C00,D7,SUM-159-fuse,C00-IncucyteRawDataLiveDead-varyGlucose,SUM-159-fuse / GlucCell batch (C00),1,1,4N,0.1,72,8,144,D,7,high,2774,16,24,48,2773,1475,212
fuse_gluccell_C00,D8,SUM-159-fuse,C00-IncucyteRawDataLiveDead-varyGlucose,SUM-159-fuse / GlucCell batch (C00),1,1,4N,0.5,72,8,144,D,8,high,5080,16,24,48,5080,1394,220
fuse_gluccell_C00,D9,SUM-159-fuse,C00-IncucyteRawDataLiveDead-varyGlucose,SUM-159-fuse / GlucCell batch (C00),1,1,4N,1,72,8,144,D,9,high,7606,16,24,48,7606,1328,224
fuse_gluccell_C00,D10,SUM-159-fuse,C00-IncucyteRawDataLiveDead-varyGlucose,SUM-159-fuse / GlucCell batch (C00),1,1,4N,5,72,8,144,D,10,high,9189,16,24,48,9188,1215,211
fuse_gluccell_C00,D11,SUM-159-fuse,C00-IncucyteRawDataLiveDead-varyGlucose,SUM-159-fuse / GlucCell batch (C00),1,1,4N,25,72,8,144,D,11,high,7311,16,24,48,7311,1246,215
fuse_gluccell_C00,E2,SUM-159-fuse,C00-IncucyteRawDataLiveDead-varyGlucose,SUM-159-fuse / GlucCell batch (C00),1,1,2N,0.1,72,8,144,E,2,low,3561,16,24,48,3561,1658,180
fuse_gluccell_C00,E3,SUM-159-fuse,C00-IncucyteRawDataLiveDead-varyGlucose,SUM-159-fuse / GlucCell batch (C00),1,1,2N,0.5,72,8,144,E,3,low,4890,16,24,48,4887,2011,221
fuse_gluccell_C00,E4,SUM-159-fuse,C00-IncucyteRawDataLiveDead-varyGlucose,SUM-159-fuse / GlucCell batch (C00),1,1,2N,1,72,8,144,E,4,low,5752,16,24,48,5751,1954,226
fuse_gluccell_C00,E5,SUM-159-fuse,C00-IncucyteRawDataLiveDead-varyGlucose,SUM-159-fuse / GlucCell batch (C00),1,1,2N,5,72,8,144,E,5,low,6127,16,24,48,6127,1786,217
fuse_gluccell_C00,E6,SUM-159-fuse,C00-IncucyteRawDataLiveDead-varyGlucose,SUM-159-fuse / GlucCell batch (C00),1,1,2N,25,72,8,144,E,6,low,5506,16,24,48,5506,1820.5,219
fuse_gluccell_C00,E7,SUM-159-fuse,C00-IncucyteRawDataLiveDead-varyGlucose,SUM-159-fuse / GlucCell batch (C00),1,1,4N,0.1,72,8,144,E,7,high,2610,16,24,48,2609,1459,209
fuse_gluccell_C00,E8,SUM-159-fuse,C00-IncucyteRawDataLiveDead-varyGlucose,SUM-159-fuse / GlucCell batch (C00),1,1,4N,0.5,72,8,144,E,8,high,5327,16,24,48,5327,1395,222
fuse_gluccell_C00,E9,SUM-159-fuse,C00-IncucyteRawDataLiveDead-varyGlucose,SUM-159-fuse / GlucCell batch (C00),1,1,4N,1,72,8,144,E,9,high,7315,16,24,48,7314,1349,223
fuse_gluccell_C00,E10,SUM-159-fuse,C00-IncucyteRawDataLiveDead-varyGlucose,SUM-159-fuse / GlucCell batch (C00),1,1,4N,5,72,8,144,E,10,high,9248,16,24,48,9248,1198,209
fuse_gluccell_C00,E11,SUM-159-fuse,C00-IncucyteRawDataLiveDead-varyGlucose,SUM-159-fuse / GlucCell batch (C00),1,1,4N,25,72,8,144,E,11,high,8733,16,24,48,8733,1184,211
fuse_gluccell_C00,F2,SUM-159-fuse,C00-IncucyteRawDataLiveDead-varyGlucose,SUM-159-fuse / GlucCell batch (C00),1,1,2N,0.1,72,8,144,F,2,low,3506,16,24,48,3506,1633.5,178
fuse_gluccell_C00,F3,SUM-159-fuse,C00-IncucyteRawDataLiveDead-varyGlucose,SUM-159-fuse / GlucCell batch (C00),1,1,2N,0.5,72,8,144,F,3,low,4526,16,24,48,4526,2046,220
fuse_gluccell_C00,F4,SUM-159-fuse,C00-IncucyteRawDataLiveDead-varyGlucose,SUM-159-fuse / GlucCell batch (C00),1,1,2N,1,72,8,144,F,4,low,5914,16,24,48,5913,1934,226
fuse_gluccell_C00,F5,SUM-159-fuse,C00-IncucyteRawDataLiveDead-varyGlucose,SUM-159-fuse / GlucCell batch (C00),1,1,2N,5,72,8,144,F,5,low,6422,16,24,48,6422,1790,216
fuse_gluccell_C00,F6,SUM-159-fuse,C00-IncucyteRawDataLiveDead-varyGlucose,SUM-159-fuse / GlucCell batch (C00),1,1,2N,25,72,8,144,F,6,low,5875,16,24,48,5874,1760,217
fuse_gluccell_C00,F7,SUM-159-fuse,C00-IncucyteRawDataLiveDead-varyGlucose,SUM-159-fuse / GlucCell batch (C00),1,1,4N,0.1,72,8,144,F,7,high,3145,16,24,48,3144,1389,204
fuse_gluccell_C00,F8,SUM-159-fuse,C00-IncucyteRawDataLiveDead-varyGlucose,SUM-159-fuse / GlucCell batch (C00),1,1,4N,0.5,72,8,144,F,8,high,5401,16,24,48,5400,1391,219
fuse_gluccell_C00,F9,SUM-159-fuse,C00-IncucyteRawDataLiveDead-varyGlucose,SUM-159-fuse / GlucCell batch (C00),1,1,4N,1,72,8,144,F,9,high,6556,16,24,48,6554,1308,219
fuse_gluccell_C00,F10,SUM-159-fuse,C00-IncucyteRawDataLiveDead-varyGlucose,SUM-159-fuse / GlucCell batch (C00),1,1,4N,5,72,8,144,F,10,high,8420,16,24,48,8420,1245,211
fuse_gluccell_C00,F11,SUM-159-fuse,C00-IncucyteRawDataLiveDead-varyGlucose,SUM-159-fuse / GlucCell batch (C00),1,1,4N,25,72,8,144,F,11,high,7924,16,24,48,7924,1226,214
fuse_gluccell_C00,G2,SUM-159-fuse,C00-IncucyteRawDataLiveDead-varyGlucose,SUM-159-fuse / GlucCell batch (C00),1,1,2N,0.1,72,8,144,G,2,low,3494,16,24,48,3494,1645,180
fuse_gluccell_C00,G3,SUM-159-fuse,C00-IncucyteRawDataLiveDead-varyGlucose,SUM-159-fuse / GlucCell batch (C00),1,1,2N,0.5,72,8,144,G,3,low,4251,16,24,48,4251,2034,219
fuse_gluccell_C00,G4,SUM-159-fuse,C00-IncucyteRawDataLiveDead-varyGlucose,SUM-159-fuse / GlucCell batch (C00),1,1,2N,1,72,8,144,G,4,low,5232,16,24,48,5231,1955.5,226
fuse_gluccell_C00,G5,SUM-159-fuse,C00-IncucyteRawDataLiveDead-varyGlucose,SUM-159-fuse / GlucCell batch (C00),1,1,2N,5,72,8,144,G,5,low,5262,16,24,48,5262,1793,216
fuse_gluccell_C00,G6,SUM-159-fuse,C00-IncucyteRawDataLiveDead-varyGlucose,SUM-159-fuse / GlucCell batch (C00),1,1,2N,25,72,8,144,G,6,low,4471,16,24,48,4471,1870,219
fuse_gluccell_C00,G7,SUM-159-fuse,C00-IncucyteRawDataLiveDead-varyGlucose,SUM-159-fuse / GlucCell batch (C00),1,1,4N,0.1,72,8,144,G,7,high,2872,16,24,48,2867,1385,207
fuse_gluccell_C00,G8,SUM-159-fuse,C00-IncucyteRawDataLiveDead-varyGlucose,SUM-159-fuse / GlucCell batch (C00),1,1,4N,0.5,72,8,144,G,8,high,4852,16,24,48,4849,1412,222
fuse_gluccell_C00,G9,SUM-159-fuse,C00-IncucyteRawDataLiveDead-varyGlucose,SUM-159-fuse / GlucCell batch (C00),1,1,4N,1,72,8,144,G,9,high,6112,16,24,48,6111,1373,225
fuse_gluccell_C00,G10,SUM-159-fuse,C00-IncucyteRawDataLiveDead-varyGlucose,SUM-159-fuse / GlucCell batch (C00),1,1,4N,5,72,8,144,G,10,high,7391,16,24,48,7390,1255,210
fuse_gluccell_C00,G11,SUM-159-fuse,C00-IncucyteRawDataLiveDead-varyGlucose,SUM-159-fuse / GlucCell batch (C00),1,1,4N,25,72,8,144,G,11,high,7512,16,24,48,7512,1231,216
fuse_luminescence_I00,B2,SUM-159-fuse,I00-IncucyteRawDataLiveDead-varyGlucose,SUM-159-fuse / luminescence batch (I00),1,1,2N,0,60,0,120,B,2,low,2334,16,24,48,2334,1257.5,154
fuse_luminescence_I00,B3,SUM-159-fuse,I00-IncucyteRawDataLiveDead-varyGlucose,SUM-159-fuse / luminescence batch (I00),1,1,2N,0.1,60,0,120,B,3,low,3866,16,24,48,3866,1636.5,174
fuse_luminescence_I00,B4,SUM-159-fuse,I00-IncucyteRawDataLiveDead-varyGlucose,SUM-159-fuse / luminescence batch (I00),1,1,2N,0.25,60,0,120,B,4,low,5113,16,24,48,5109,1733,189
fuse_luminescence_I00,B5,SUM-159-fuse,I00-IncucyteRawDataLiveDead-varyGlucose,SUM-159-fuse / luminescence batch (I00),1,1,2N,0.5,60,0,120,B,5,low,6367,16,24,48,6365,1753,201
fuse_luminescence_I00,B6,SUM-159-fuse,I00-IncucyteRawDataLiveDead-varyGlucose,SUM-159-fuse / luminescence batch (I00),1,1,2N,1,60,0,120,B,6,low,6821,16,24,48,6821,1696,203
fuse_luminescence_I00,B7,SUM-159-fuse,I00-IncucyteRawDataLiveDead-varyGlucose,SUM-159-fuse / luminescence batch (I00),1,1,4N,0,60,0,120,B,7,high,3362,16,24,48,3361,1398,193
fuse_luminescence_I00,B8,SUM-159-fuse,I00-IncucyteRawDataLiveDead-varyGlucose,SUM-159-fuse / luminescence batch (I00),1,1,4N,0.1,60,0,120,B,8,high,5145,16,24,48,5140,1422,207
fuse_luminescence_I00,B9,SUM-159-fuse,I00-IncucyteRawDataLiveDead-varyGlucose,SUM-159-fuse / luminescence batch (I00),1,1,4N,0.25,60,0,120,B,9,high,7003,16,24,48,7000,1331,204
fuse_luminescence_I00,B10,SUM-159-fuse,I00-IncucyteRawDataLiveDead-varyGlucose,SUM-159-fuse / luminescence batch (I00),1,1,4N,0.5,60,0,120,B,10,high,7957,16,24,48,7956,1287,210
fuse_luminescence_I00,B11,SUM-159-fuse,I00-IncucyteRawDataLiveDead-varyGlucose,SUM-159-fuse / luminescence batch (I00),1,1,4N,1,60,0,120,B,11,high,9154,16,24,48,9154,1219,209
fuse_luminescence_I00,C2,SUM-159-fuse,I00-IncucyteRawDataLiveDead-varyGlucose,SUM-159-fuse / luminescence batch (I00),1,1,2N,0,60,0,120,C,2,low,3128,16,24,48,3127,1356,158
fuse_luminescence_I00,C3,SUM-159-fuse,I00-IncucyteRawDataLiveDead-varyGlucose,SUM-159-fuse / luminescence batch (I00),1,1,2N,0.1,60,0,120,C,3,low,3781,16,24,48,3781,1585,171
fuse_luminescence_I00,C4,SUM-159-fuse,I00-IncucyteRawDataLiveDead-varyGlucose,SUM-159-fuse / luminescence batch (I00),1,1,2N,0.25,60,0,120,C,4,low,4736,16,24,48,4733,1727,189
fuse_luminescence_I00,C5,SUM-159-fuse,I00-IncucyteRawDataLiveDead-varyGlucose,SUM-159-fuse / luminescence batch (I00),1,1,2N,0.5,60,0,120,C,5,low,5668,16,24,48,5667,1779,200
fuse_luminescence_I00,C6,SUM-159-fuse,I00-IncucyteRawDataLiveDead-varyGlucose,SUM-159-fuse / luminescence batch (I00),1,1,2N,1,60,0,120,C,6,low,6390,16,24,48,6388,1740,205
fuse_luminescence_I00,C7,SUM-159-fuse,I00-IncucyteRawDataLiveDead-varyGlucose,SUM-159-fuse / luminescence batch (I00),1,1,4N,0,60,0,120,C,7,high,3925,16,24,48,3924,1429,194
fuse_luminescence_I00,C8,SUM-159-fuse,I00-IncucyteRawDataLiveDead-varyGlucose,SUM-159-fuse / luminescence batch (I00),1,1,4N,0.1,60,0,120,C,8,high,4420,16,24,48,4419,1468.5,207
fuse_luminescence_I00,C9,SUM-159-fuse,I00-IncucyteRawDataLiveDead-varyGlucose,SUM-159-fuse / luminescence batch (I00),1,1,4N,0.25,60,0,120,C,9,high,6420,16,24,48,6418,1390,207
fuse_luminescence_I00,C10,SUM-159-fuse,I00-IncucyteRawDataLiveDead-varyGlucose,SUM-159-fuse / luminescence batch (I00),1,1,4N,0.5,60,0,120,C,10,high,7285,16,24,48,7284,1320,210
fuse_luminescence_I00,C11,SUM-159-fuse,I00-IncucyteRawDataLiveDead-varyGlucose,SUM-159-fuse / luminescence batch (I00),1,1,4N,1,60,0,120,C,11,high,8266,16,24,48,8265,1201,207
fuse_luminescence_I00,D2,SUM-159-fuse,I00-IncucyteRawDataLiveDead-varyGlucose,SUM-159-fuse / luminescence batch (I00),1,1,2N,0,60,0,120,D,2,low,2865,16,24,48,2865,1315,156
fuse_luminescence_I00,D3,SUM-159-fuse,I00-IncucyteRawDataLiveDead-varyGlucose,SUM-159-fuse / luminescence batch (I00),1,1,2N,0.1,60,0,120,D,3,low,4948,16,24,48,4946,1579,174
fuse_luminescence_I00,D4,SUM-159-fuse,I00-IncucyteRawDataLiveDead-varyGlucose,SUM-159-fuse / luminescence batch (I00),1,1,2N,0.25,60,0,120,D,4,low,4734,16,24,48,4730,1735,190
fuse_luminescence_I00,D5,SUM-159-fuse,I00-IncucyteRawDataLiveDead-varyGlucose,SUM-159-fuse / luminescence batch (I00),1,1,2N,0.5,60,0,120,D,5,low,5938,16,24,48,5937,1763,203
fuse_luminescence_I00,D6,SUM-159-fuse,I00-IncucyteRawDataLiveDead-varyGlucose,SUM-159-fuse / luminescence batch (I00),1,1,2N,1,60,0,120,D,6,low,6696,16,24,48,6696,1683,201
fuse_luminescence_I00,D7,SUM-159-fuse,I00-IncucyteRawDataLiveDead-varyGlucose,SUM-159-fuse / luminescence batch (I00),1,1,4N,0,60,0,120,D,7,high,3113,16,24,48,3113,1467,194
fuse_luminescence_I00,D8,SUM-159-fuse,I00-IncucyteRawDataLiveDead-varyGlucose,SUM-159-fuse / luminescence batch (I00),1,1,4N,0.1,60,0,120,D,8,high,5103,16,24,48,5099,1474,209
fuse_luminescence_I00,D9,SUM-159-fuse,I00-IncucyteRawDataLiveDead-varyGlucose,SUM-159-fuse / luminescence batch (I00),1,1,4N,0.25,60,0,120,D,9,high,7261,16,24,48,7255,1351,206
fuse_luminescence_I00,D10,SUM-159-fuse,I00-IncucyteRawDataLiveDead-varyGlucose,SUM-159-fuse / luminescence batch (I00),1,1,4N,0.5,60,0,120,D,10,high,7625,16,24,48,7624,1323,212
fuse_luminescence_I00,D11,SUM-159-fuse,I00-IncucyteRawDataLiveDead-varyGlucose,SUM-159-fuse / luminescence batch (I00),1,1,4N,1,60,0,120,D,11,high,8227,16,24,48,8226,1213,208
fuse_luminescence_I00,E2,SUM-159-fuse,I00-IncucyteRawDataLiveDead-varyGlucose,SUM-159-fuse / luminescence batch (I00),1,1,2N,0,60,0,120,E,2,low,2874,16,24,48,2873,1334.5,157
fuse_luminescence_I00,E3,SUM-159-fuse,I00-IncucyteRawDataLiveDead-varyGlucose,SUM-159-fuse / luminescence batch (I00),1,1,2N,0.1,60,0,120,E,3,low,4576,16,24,48,4575,1570,174
fuse_luminescence_I00,E4,SUM-159-fuse,I00-IncucyteRawDataLiveDead-varyGlucose,SUM-159-fuse / luminescence batch (I00),1,1,2N,0.25,60,0,120,E,4,low,5024,16,24,48,5023,1690.5,188
fuse_luminescence_I00,E5,SUM-159-fuse,I00-IncucyteRawDataLiveDead-varyGlucose,SUM-159-fuse / luminescence batch (I00),1,1,2N,0.5,60,0,120,E,5,low,6597,16,24,48,6597,1762,205
fuse_luminescence_I00,E6,SUM-159-fuse,I00-IncucyteRawDataLiveDead-varyGlucose,SUM-159-fuse / luminescence batch (I00),1,1,2N,1,60,0,120,E,6,low,6691,16,24,48,6690,1692,202
fuse_luminescence_I00,E7,SUM-159-fuse,I00-IncucyteRawDataLiveDead-varyGlucose,SUM-159-fuse / luminescence batch (I00),1,1,4N,0,60,0,120,E,7,high,3857,16,24,48,3857,1446,197
fuse_luminescence_I00,E8,SUM-159-fuse,I00-IncucyteRawDataLiveDead-varyGlucose,SUM-159-fuse / luminescence batch (I00),1,1,4N,0.1,60,0,120,E,8,high,5026,16,24,48,5023,1449,206
fuse_luminescence_I00,E9,SUM-159-fuse,I00-IncucyteRawDataLiveDead-varyGlucose,SUM-159-fuse / luminescence batch (I00),1,1,4N,0.25,60,0,120,E,9,high,6327,16,24,48,6323,1363,206
fuse_luminescence_I00,E10,SUM-159-fuse,I00-IncucyteRawDataLiveDead-varyGlucose,SUM-159-fuse / luminescence batch (I00),1,1,4N,0.5,60,0,120,E,10,high,6786,16,24,48,6784,1333,210
fuse_luminescence_I00,E11,SUM-159-fuse,I00-IncucyteRawDataLiveDead-varyGlucose,SUM-159-fuse / luminescence batch (I00),1,1,4N,1,60,0,120,E,11,high,9682,16,24,48,9682,1191,210
chem_luminescence_M00b,B2,SUM-159-chem,M00b-IncucyteRawDataLiveDead-varyGlucose,SUM-159-chem / luminescence batch (M00b),1,1,2N,0,64,0,120,B,2,low,820,16,24,48,820,742.5,125
chem_luminescence_M00b,B3,SUM-159-chem,M00b-IncucyteRawDataLiveDead-varyGlucose,SUM-159-chem / luminescence batch (M00b),1,1,2N,0.1,64,0,120,B,3,low,1572,16,24,48,1570,1021,144
chem_luminescence_M00b,B4,SUM-159-chem,M00b-IncucyteRawDataLiveDead-varyGlucose,SUM-159-chem / luminescence batch (M00b),1,1,2N,0.25,64,0,120,B,4,low,2157,16,24,48,2154,1079,152
chem_luminescence_M00b,B5,SUM-159-chem,M00b-IncucyteRawDataLiveDead-varyGlucose,SUM-159-chem / luminescence batch (M00b),1,1,2N,0.5,64,0,120,B,5,low,2387,16,24,48,2386,1114,155
chem_luminescence_M00b,B6,SUM-159-chem,M00b-IncucyteRawDataLiveDead-varyGlucose,SUM-159-chem / luminescence batch (M00b),1,1,2N,1,64,0,120,B,6,low,2610,16,24,48,2608,1116,160
chem_luminescence_M00b,B7,SUM-159-chem,M00b-IncucyteRawDataLiveDead-varyGlucose,SUM-159-chem / luminescence batch (M00b),1,1,4N,0,64,0,120,B,7,high,1167,16,24,48,1167,1217,183
chem_luminescence_M00b,B8,SUM-159-chem,M00b-IncucyteRawDataLiveDead-varyGlucose,SUM-159-chem / luminescence batch (M00b),1,1,4N,0.1,64,0,120,B,8,high,1670,16,24,48,1670,1651,209
chem_luminescence_M00b,B9,SUM-159-chem,M00b-IncucyteRawDataLiveDead-varyGlucose,SUM-159-chem / luminescence batch (M00b),1,1,4N,0.25,64,0,120,B,9,high,2164,16,24,48,2161,1585.5,203
chem_luminescence_M00b,B10,SUM-159-chem,M00b-IncucyteRawDataLiveDead-varyGlucose,SUM-159-chem / luminescence batch (M00b),1,1,4N,0.5,64,0,120,B,10,high,2416,16,24,48,2414,1580,204
chem_luminescence_M00b,B11,SUM-159-chem,M00b-IncucyteRawDataLiveDead-varyGlucose,SUM-159-chem / luminescence batch (M00b),1,1,4N,1,64,0,120,B,11,high,3609,16,24,48,3598,1446,194
chem_luminescence_M00b,C2,SUM-159-chem,M00b-IncucyteRawDataLiveDead-varyGlucose,SUM-159-chem / luminescence batch (M00b),1,1,2N,0,64,0,120,C,2,low,1101,16,24,48,1101,720,118
chem_luminescence_M00b,C3,SUM-159-chem,M00b-IncucyteRawDataLiveDead-varyGlucose,SUM-159-chem / luminescence batch (M00b),1,1,2N,0.1,64,0,120,C,3,low,1698,16,24,48,1698,1033,151
chem_luminescence_M00b,C4,SUM-159-chem,M00b-IncucyteRawDataLiveDead-varyGlucose,SUM-159-chem / luminescence batch (M00b),1,1,2N,0.25,64,0,120,C,4,low,2486,16,24,48,2485,1099,151
chem_luminescence_M00b,C5,SUM-159-chem,M00b-IncucyteRawDataLiveDead-varyGlucose,SUM-159-chem / luminescence batch (M00b),1,1,2N,0.5,64,0,120,C,5,low,3038,16,24,48,3038,1095.5,152
chem_luminescence_M00b,C6,SUM-159-chem,M00b-IncucyteRawDataLiveDead-varyGlucose,SUM-159-chem / luminescence batch (M00b),1,1,2N,1,64,0,120,C,6,low,2900,16,24,48,2900,1051.5,153
chem_luminescence_M00b,C7,SUM-159-chem,M00b-IncucyteRawDataLiveDead-varyGlucose,SUM-159-chem / luminescence batch (M00b),1,1,4N,0,64,0,120,C,7,high,1278,16,24,48,1278,1173,181
chem_luminescence_M00b,C8,SUM-159-chem,M00b-IncucyteRawDataLiveDead-varyGlucose,SUM-159-chem / luminescence batch (M00b),1,1,4N,0.1,64,0,120,C,8,high,2184,16,24,48,2178,1476,200
chem_luminescence_M00b,C9,SUM-159-chem,M00b-IncucyteRawDataLiveDead-varyGlucose,SUM-159-chem / luminescence batch (M00b),1,1,4N,0.25,64,0,120,C,9,high,2330,16,24,48,2325,1600.5,213
chem_luminescence_M00b,C10,SUM-159-chem,M00b-IncucyteRawDataLiveDead-varyGlucose,SUM-159-chem / luminescence batch (M00b),1,1,4N,0.5,64,0,120,C,10,high,2777,16,24,48,2775,1565,203
chem_luminescence_M00b,C11,SUM-159-chem,M00b-IncucyteRawDataLiveDead-varyGlucose,SUM-159-chem / luminescence batch (M00b),1,1,4N,1,64,0,120,C,11,high,3616,16,24,48,3611,1456,196
chem_luminescence_M00b,D2,SUM-159-chem,M00b-IncucyteRawDataLiveDead-varyGlucose,SUM-159-chem / luminescence batch (M00b),1,1,2N,0,64,0,120,D,2,low,650,16,24,48,649,728.5,134
chem_luminescence_M00b,D3,SUM-159-chem,M00b-IncucyteRawDataLiveDead-varyGlucose,SUM-159-chem / luminescence batch (M00b),1,1,2N,0.1,64,0,120,D,3,low,819,16,24,48,817,1101,198
chem_luminescence_M00b,D4,SUM-159-chem,M00b-IncucyteRawDataLiveDead-varyGlucose,SUM-159-chem / luminescence batch (M00b),1,1,2N,0.25,64,0,120,D,4,low,1512,16,24,48,1512,1173.5,167
chem_luminescence_M00b,D5,SUM-159-chem,M00b-IncucyteRawDataLiveDead-varyGlucose,SUM-159-chem / luminescence batch (M00b),1,1,2N,0.5,64,0,120,D,5,low,2656,16,24,48,2656,1173,159
chem_luminescence_M00b,D6,SUM-159-chem,M00b-IncucyteRawDataLiveDead-varyGlucose,SUM-159-chem / luminescence batch (M00b),1,1,2N,1,64,0,120,D,6,low,3093,16,24,48,3093,1054,153
chem_luminescence_M00b,D7,SUM-159-chem,M00b-IncucyteRawDataLiveDead-varyGlucose,SUM-159-chem / luminescence batch (M00b),1,1,4N,0,64,0,120,D,7,high,1481,16,24,48,1481,1185,184
chem_luminescence_M00b,D8,SUM-159-chem,M00b-IncucyteRawDataLiveDead-varyGlucose,SUM-159-chem / luminescence batch (M00b),1,1,4N,0.1,64,0,120,D,8,high,2300,16,24,48,2297,1529,200
chem_luminescence_M00b,D9,SUM-159-chem,M00b-IncucyteRawDataLiveDead-varyGlucose,SUM-159-chem / luminescence batch (M00b),1,1,4N,0.25,64,0,120,D,9,high,2432,16,24,48,2432,1579,203
chem_luminescence_M00b,D10,SUM-159-chem,M00b-IncucyteRawDataLiveDead-varyGlucose,SUM-159-chem / luminescence batch (M00b),1,1,4N,0.5,64,0,120,D,10,high,2817,16,24,48,2811,1602,203
chem_luminescence_M00b,D11,SUM-159-chem,M00b-IncucyteRawDataLiveDead-varyGlucose,SUM-159-chem / luminescence batch (M00b),1,1,4N,1,64,0,120,D,11,high,3189,16,24,48,3182,1546,198
chem_luminescence_M00b,E2,SUM-159-chem,M00b-IncucyteRawDataLiveDead-varyGlucose,SUM-159-chem / luminescence batch (M00b),1,1,2N,0,64,0,120,E,2,low,621,16,24,48,620,758,136.5
chem_luminescence_M00b,E3,SUM-159-chem,M00b-IncucyteRawDataLiveDead-varyGlucose,SUM-159-chem / luminescence batch (M00b),1,1,2N,0.1,64,0,120,E,3,low,833,16,24,48,833,1098,201
chem_luminescence_M00b,E4,SUM-159-chem,M00b-IncucyteRawDataLiveDead-varyGlucose,SUM-159-chem / luminescence batch (M00b),1,1,2N,0.25,64,0,120,E,4,low,1614,16,24,48,1614,1110,162
chem_luminescence_M00b,E5,SUM-159-chem,M00b-IncucyteRawDataLiveDead-varyGlucose,SUM-159-chem / luminescence batch (M00b),1,1,2N,0.5,64,0,120,E,5,low,2392,16,24,48,2392,1156,159
chem_luminescence_M00b,E6,SUM-159-chem,M00b-IncucyteRawDataLiveDead-varyGlucose,SUM-159-chem / luminescence batch (M00b),1,1,2N,1,64,0,120,E,6,low,3461,16,24,48,3461,1050,152
chem_luminescence_M00b,E7,SUM-159-chem,M00b-IncucyteRawDataLiveDead-varyGlucose,SUM-159-chem / luminescence batch (M00b),1,1,4N,0,64,0,120,E,7,high,1391,16,24,48,1391,1135,180
chem_luminescence_M00b,E8,SUM-159-chem,M00b-IncucyteRawDataLiveDead-varyGlucose,SUM-159-chem / luminescence batch (M00b),1,1,4N,0.1,64,0,120,E,8,high,2033,16,24,48,2027,1620,202
chem_luminescence_M00b,E9,SUM-159-chem,M00b-IncucyteRawDataLiveDead-varyGlucose,SUM-159-chem / luminescence batch (M00b),1,1,4N,0.25,64,0,120,E,9,high,2598,16,24,48,2591,1604,207
chem_luminescence_M00b,E10,SUM-159-chem,M00b-IncucyteRawDataLiveDead-varyGlucose,SUM-159-chem / luminescence batch (M00b),1,1,4N,0.5,64,0,120,E,10,high,2364,16,24,48,2362,1586,207
chem_luminescence_M00b,E11,SUM-159-chem,M00b-IncucyteRawDataLiveDead-varyGlucose,SUM-159-chem / luminescence batch (M00b),1,1,4N,1,64,0,120,E,11,high,3177,16,24,48,3166,1497,199
chem_luminescence_M00b,F2,SUM-159-chem,M00b-IncucyteRawDataLiveDead-varyGlucose,SUM-159-chem / luminescence batch (M00b),1,1,2N,5,64,0,120,F,2,low,1947,16,24,48,1947,1157,170
chem_luminescence_M00b,F3,SUM-159-chem,M00b-IncucyteRawDataLiveDead-varyGlucose,SUM-159-chem / luminescence batch (M00b),1,1,2N,5,64,0,120,F,3,low,1251,16,24,48,1251,1068,168
chem_luminescence_M00b,F4,SUM-159-chem,M00b-IncucyteRawDataLiveDead-varyGlucose,SUM-159-chem / luminescence batch (M00b),1,1,2N,5,64,0,120,F,4,low,2279,16,24,48,2278,1110,164
chem_luminescence_M00b,F5,SUM-159-chem,M00b-IncucyteRawDataLiveDead-varyGlucose,SUM-159-chem / luminescence batch (M00b),1,1,2N,5,64,0,120,F,5,low,2925,16,24,48,2925,1113,162
chem_luminescence_M00b,F7,SUM-159-chem,M00b-IncucyteRawDataLiveDead-varyGlucose,SUM-159-chem / luminescence batch (M00b),1,1,4N,5,64,0,120,F,7,high,2888,16,24,48,2887,1498,195
chem_luminescence_M00b,F8,SUM-159-chem,M00b-IncucyteRawDataLiveDead-varyGlucose,SUM-159-chem / luminescence batch (M00b),1,1,4N,5,64,0,120,F,8,high,3077,16,24,48,3073,1376,192
chem_luminescence_M00b,F9,SUM-159-chem,M00b-IncucyteRawDataLiveDead-varyGlucose,SUM-159-chem / luminescence batch (M00b),1,1,4N,5,64,0,120,F,9,high,3383,16,24,48,3381,1391,193
chem_luminescence_M00b,F10,SUM-159-chem,M00b-IncucyteRawDataLiveDead-varyGlucose,SUM-159-chem / luminescence batch (M00b),1,1,4N,5,64,0,120,F,10,high,2924,16,24,48,2922,1386,191
chem_luminescence_M00b,G2,SUM-159-chem,M00b-IncucyteRawDataLiveDead-varyGlucose,SUM-159-chem / luminescence batch (M00b),1,1,2N,25,64,0,120,G,2,low,1356,16,24,48,1355,1181,173
chem_luminescence_M00b,G3,SUM-159-chem,M00b-IncucyteRawDataLiveDead-varyGlucose,SUM-159-chem / luminescence batch (M00b),1,1,2N,25,64,0,120,G,3,low,1775,16,24,48,1774,1158,169.5
chem_luminescence_M00b,G4,SUM-159-chem,M00b-IncucyteRawDataLiveDead-varyGlucose,SUM-159-chem / luminescence batch (M00b),1,1,2N,25,64,0,120,G,4,low,2447,16,24,48,2447,1081,163
chem_luminescence_M00b,G5,SUM-159-chem,M00b-IncucyteRawDataLiveDead-varyGlucose,SUM-159-chem / luminescence batch (M00b),1,1,2N,25,64,0,120,G,5,low,2939,16,24,48,2939,1119,161
chem_luminescence_M00b,G7,SUM-159-chem,M00b-IncucyteRawDataLiveDead-varyGlucose,SUM-159-chem / luminescence batch (M00b),1,1,4N,25,64,0,120,G,7,high,2960,16,24,48,2957,1444,203
chem_luminescence_M00b,G8,SUM-159-chem,M00b-IncucyteRawDataLiveDead-varyGlucose,SUM-159-chem / luminescence batch (M00b),1,1,4N,25,64,0,120,G,8,high,2853,16,24,48,2850,1446,200
chem_luminescence_M00b,G9,SUM-159-chem,M00b-IncucyteRawDataLiveDead-varyGlucose,SUM-159-chem / luminescence batch (M00b),1,1,4N,25,64,0,120,G,9,high,3235,16,24,48,3232,1500,194
chem_luminescence_M00b,G10,SUM-159-chem,M00b-IncucyteRawDataLiveDead-varyGlucose,SUM-159-chem / luminescence batch (M00b),1,1,4N,25,64,0,120,G,10,high,2672,16,24,48,2671,1524.5,203
