source_package	source_local_figure_name	current_figure_name	polishing_final_image_path	polishing_final_sha256	integration_rebuild_image_path	integration_rebuild_sha256	final_image_path	final_image_sha256	hash_match_status
resegmentation_core	figure_1	F1	manuscript_figures/20260722T141236_resegmentation_fix/final_images/figure_1.png	141a692d3fe11197b8780b4e85a31bbad2539cbbf98ced319a3ff9a385a8d262	agent-dev/manuscript_integration/20260729_v03_figure_set_integration/package_rebuilds/resegmentation_core/final_images/figure_1.png	141a692d3fe11197b8780b4e85a31bbad2539cbbf98ced319a3ff9a385a8d262	agent-dev/manuscript_integration/20260729_v03_figure_set_integration/final_images/F1.png	141a692d3fe11197b8780b4e85a31bbad2539cbbf98ced319a3ff9a385a8d262	match
resegmentation_core	figure_2	F2	manuscript_figures/20260722T141236_resegmentation_fix/final_images/figure_2.png	a719945ec28ea6ccb88c08c4a7ff97189226baa31995d349d5e988e2e8d7becb	agent-dev/manuscript_integration/20260729_v03_figure_set_integration/package_rebuilds/resegmentation_core/final_images/figure_2.png	a719945ec28ea6ccb88c08c4a7ff97189226baa31995d349d5e988e2e8d7becb	agent-dev/manuscript_integration/20260729_v03_figure_set_integration/final_images/F2.png	a719945ec28ea6ccb88c08c4a7ff97189226baa31995d349d5e988e2e8d7becb	match
mechanistic_diagnostics	figure_3	F3	manuscript_figures/20260722T141236_resegmentation_fix/final_images/figure_3.png	d1ebc090f854197bcba87128cd9770e052827d97a581c8e994fb54b9637af2bc	agent-dev/manuscript_integration/20260729_v03_figure_set_integration/package_rebuilds/mechanistic_diagnostics/final_images/figure_3.png	d1ebc090f854197bcba87128cd9770e052827d97a581c8e994fb54b9637af2bc	agent-dev/manuscript_integration/20260729_v03_figure_set_integration/final_images/F3.png	d1ebc090f854197bcba87128cd9770e052827d97a581c8e994fb54b9637af2bc	match
posterior_size_context	figure_4	F4	manuscript_figures/20260722T141236_resegmentation_fix/final_images/figure_4.png	689f049463e57e64123fecf5c9e66b5dc30b1b45d3b381993c462b8af3492de6	agent-dev/manuscript_integration/20260729_v03_figure_set_integration/package_rebuilds/posterior_size_context/final_images/figure_4.png	689f049463e57e64123fecf5c9e66b5dc30b1b45d3b381993c462b8af3492de6	agent-dev/manuscript_integration/20260729_v03_figure_set_integration/final_images/F4.png	689f049463e57e64123fecf5c9e66b5dc30b1b45d3b381993c462b8af3492de6	match
posterior_strategy_F5	figure_5	F5	manuscript_figures/20260728_posterior_strategy_figure_set/F5/polishing/final_images/figure_5.png	375fbd6339ffe8f55e6503f9a717410d907f3ec5f3c3adb2e3c60d2d0287326d	agent-dev/manuscript_integration/20260729_v03_figure_set_integration/package_rebuilds/posterior_strategy_F5/final_images/figure_5.png	375fbd6339ffe8f55e6503f9a717410d907f3ec5f3c3adb2e3c60d2d0287326d	agent-dev/manuscript_integration/20260729_v03_figure_set_integration/final_images/F5.png	375fbd6339ffe8f55e6503f9a717410d907f3ec5f3c3adb2e3c60d2d0287326d	match
resegmentation_core	figure_s1	S1	manuscript_figures/20260722T141236_resegmentation_fix/final_images/figure_s1.png	b910b61f5dc0cafbcacfe2b1232bb45820ce1945606a10809376fb7cae06511f	agent-dev/manuscript_integration/20260729_v03_figure_set_integration/package_rebuilds/resegmentation_core/final_images/figure_s1.png	b910b61f5dc0cafbcacfe2b1232bb45820ce1945606a10809376fb7cae06511f	agent-dev/manuscript_integration/20260729_v03_figure_set_integration/final_images/S1.png	b910b61f5dc0cafbcacfe2b1232bb45820ce1945606a10809376fb7cae06511f	match
resegmentation_core	figure_s2	S2	manuscript_figures/20260722T141236_resegmentation_fix/final_images/figure_s2.png	8a8ff36cf20449ba3372d7740ca4ab2cfc43b603a28fde870b4367e66abb6f6e	agent-dev/manuscript_integration/20260729_v03_figure_set_integration/package_rebuilds/resegmentation_core/final_images/figure_s2.png	8a8ff36cf20449ba3372d7740ca4ab2cfc43b603a28fde870b4367e66abb6f6e	agent-dev/manuscript_integration/20260729_v03_figure_set_integration/final_images/S2.png	8a8ff36cf20449ba3372d7740ca4ab2cfc43b603a28fde870b4367e66abb6f6e	match
resegmentation_core	figure_s3	S3	manuscript_figures/20260722T141236_resegmentation_fix/final_images/figure_s3.png	5351f8591952344b17033e12b706a6f39119c1c77e5ddf2f18a1d567d1e26bdf	agent-dev/manuscript_integration/20260729_v03_figure_set_integration/package_rebuilds/resegmentation_core/final_images/figure_s3.png	5351f8591952344b17033e12b706a6f39119c1c77e5ddf2f18a1d567d1e26bdf	agent-dev/manuscript_integration/20260729_v03_figure_set_integration/final_images/S3.png	5351f8591952344b17033e12b706a6f39119c1c77e5ddf2f18a1d567d1e26bdf	match
resegmentation_core	figure_s4	S4	manuscript_figures/20260722T141236_resegmentation_fix/final_images/figure_s4.png	bb7d2b56c57c53513d7cca3bbaf2bbf13eac74bf1ee6b6f7d1ddad753828490b	agent-dev/manuscript_integration/20260729_v03_figure_set_integration/package_rebuilds/resegmentation_core/final_images/figure_s4.png	bb7d2b56c57c53513d7cca3bbaf2bbf13eac74bf1ee6b6f7d1ddad753828490b	agent-dev/manuscript_integration/20260729_v03_figure_set_integration/final_images/S4.png	bb7d2b56c57c53513d7cca3bbaf2bbf13eac74bf1ee6b6f7d1ddad753828490b	match
mechanistic_diagnostics	figure_s5	S5	manuscript_figures/20260722T141236_resegmentation_fix/final_images/figure_s5.png	28bf2174f3e68f5041520fe4152cac97a8341477817bf7d14f54f9a2a9a7500b	agent-dev/manuscript_integration/20260729_v03_figure_set_integration/package_rebuilds/mechanistic_diagnostics/final_images/figure_s5.png	28bf2174f3e68f5041520fe4152cac97a8341477817bf7d14f54f9a2a9a7500b	agent-dev/manuscript_integration/20260729_v03_figure_set_integration/final_images/S5.png	28bf2174f3e68f5041520fe4152cac97a8341477817bf7d14f54f9a2a9a7500b	match
mechanistic_diagnostics	figure_s6	S6	manuscript_figures/20260722T141236_resegmentation_fix/final_images/figure_s6.png	d1119af9f26a738fc96a4455cb18b11b3377fafa6f2a8c9405aa7fd524c19806	agent-dev/manuscript_integration/20260729_v03_figure_set_integration/package_rebuilds/mechanistic_diagnostics/final_images/figure_s6.png	d1119af9f26a738fc96a4455cb18b11b3377fafa6f2a8c9405aa7fd524c19806	agent-dev/manuscript_integration/20260729_v03_figure_set_integration/final_images/S6.png	d1119af9f26a738fc96a4455cb18b11b3377fafa6f2a8c9405aa7fd524c19806	match
mechanistic_diagnostics	figure_s7	S7	manuscript_figures/20260722T141236_resegmentation_fix/final_images/figure_s7.png	230fa9a90349b3d9beb22daa0a32253b86f5fb90b1626c981fda0af821e80f67	agent-dev/manuscript_integration/20260729_v03_figure_set_integration/package_rebuilds/mechanistic_diagnostics/final_images/figure_s7.png	230fa9a90349b3d9beb22daa0a32253b86f5fb90b1626c981fda0af821e80f67	agent-dev/manuscript_integration/20260729_v03_figure_set_integration/final_images/S7.png	230fa9a90349b3d9beb22daa0a32253b86f5fb90b1626c981fda0af821e80f67	match
mechanistic_diagnostics	figure_s8	S8	manuscript_figures/20260722T141236_resegmentation_fix/final_images/figure_s8.png	e08cfd788072878a7d6c06ac78053b523aaa22fecac02cfd699e05a50c346058	agent-dev/manuscript_integration/20260729_v03_figure_set_integration/package_rebuilds/mechanistic_diagnostics/final_images/figure_s8.png	e08cfd788072878a7d6c06ac78053b523aaa22fecac02cfd699e05a50c346058	agent-dev/manuscript_integration/20260729_v03_figure_set_integration/final_images/S8.png	e08cfd788072878a7d6c06ac78053b523aaa22fecac02cfd699e05a50c346058	match
mechanistic_diagnostics	figure_s9	S9	manuscript_figures/20260722T141236_resegmentation_fix/final_images/figure_s9.png	07b898848b842e5a8d7185bd152e35fe4c5e8a3adcda3c86b3290d774b463d36	agent-dev/manuscript_integration/20260729_v03_figure_set_integration/package_rebuilds/mechanistic_diagnostics/final_images/figure_s9.png	07b898848b842e5a8d7185bd152e35fe4c5e8a3adcda3c86b3290d774b463d36	agent-dev/manuscript_integration/20260729_v03_figure_set_integration/final_images/S9.png	07b898848b842e5a8d7185bd152e35fe4c5e8a3adcda3c86b3290d774b463d36	match
posterior_size_context	figure_s10	S10	manuscript_figures/20260722T141236_resegmentation_fix/final_images/figure_s10.png	4033e89591214a5fa1f0427e8fc083cfed17576718aabce7c9072b6120f9a6d3	agent-dev/manuscript_integration/20260729_v03_figure_set_integration/package_rebuilds/posterior_size_context/final_images/figure_s10.png	4033e89591214a5fa1f0427e8fc083cfed17576718aabce7c9072b6120f9a6d3	agent-dev/manuscript_integration/20260729_v03_figure_set_integration/final_images/S10.png	4033e89591214a5fa1f0427e8fc083cfed17576718aabce7c9072b6120f9a6d3	match
posterior_size_context	figure_s13	S11	manuscript_figures/20260722T141236_resegmentation_fix/final_images/figure_s13.png	e7880a77d05a3824432984a47af9ebcf5e6aa554017c34aa722abaa832ce0b6c	agent-dev/manuscript_integration/20260729_v03_figure_set_integration/package_rebuilds/posterior_size_context/final_images/figure_s13.png	e7880a77d05a3824432984a47af9ebcf5e6aa554017c34aa722abaa832ce0b6c	agent-dev/manuscript_integration/20260729_v03_figure_set_integration/final_images/S11.png	e7880a77d05a3824432984a47af9ebcf5e6aa554017c34aa722abaa832ce0b6c	match
posterior_strategy_context	posterior_strategy_context_support_median	S12	manuscript_figures/20260728_posterior_strategy_figure_set/S_strategy_context_support/polishing/final_images/posterior_strategy_context_support_median.png	5847234c059249428feb67384f95c9ffd37d2632be91dd9fa4edf60618afd6a6	agent-dev/manuscript_integration/20260729_v03_figure_set_integration/package_rebuilds/posterior_strategy_context/final_images/posterior_strategy_context_support_median.png	5847234c059249428feb67384f95c9ffd37d2632be91dd9fa4edf60618afd6a6	agent-dev/manuscript_integration/20260729_v03_figure_set_integration/final_images/S12.png	5847234c059249428feb67384f95c9ffd37d2632be91dd9fa4edf60618afd6a6	match
morphology_metrics	candidate_supplement_a	S13	manuscript_figures/20260722T141236_resegmentation_fix/morphology_metric_exploration/polishing/final_images/candidate_supplement_a.png	cc1d51b90dfd8181e3e03b029e7cd3932456c19e6beb369c0d6bfe4f2f37fe17	agent-dev/manuscript_integration/20260729_v03_figure_set_integration/package_rebuilds/morphology_metrics/final_images/candidate_supplement_a.png	cc1d51b90dfd8181e3e03b029e7cd3932456c19e6beb369c0d6bfe4f2f37fe17	agent-dev/manuscript_integration/20260729_v03_figure_set_integration/final_images/S13.png	cc1d51b90dfd8181e3e03b029e7cd3932456c19e6beb369c0d6bfe4f2f37fe17	match
morphology_metrics	candidate_supplement_b	S14	manuscript_figures/20260722T141236_resegmentation_fix/morphology_metric_exploration/polishing/final_images/candidate_supplement_b.png	872f6cee7208baa4feee809b2aa4e2e71ae1066b3db97ceb22442fbcec973ceb	agent-dev/manuscript_integration/20260729_v03_figure_set_integration/package_rebuilds/morphology_metrics/final_images/candidate_supplement_b.png	872f6cee7208baa4feee809b2aa4e2e71ae1066b3db97ceb22442fbcec973ceb	agent-dev/manuscript_integration/20260729_v03_figure_set_integration/final_images/S14.png	872f6cee7208baa4feee809b2aa4e2e71ae1066b3db97ceb22442fbcec973ceb	match
sum159_label_swap	figure_1_all_timecourses	S15	manuscript_figures/20260729_sum159_label_swap_evidence_figures/polishing/final_images/figure_1_all_timecourses.png	74379b5137abf0cca3352d9fd9b1f5533e28c6fbf605457f27b087f24dee6707	agent-dev/manuscript_integration/20260729_v03_figure_set_integration/package_rebuilds/sum159_label_swap/final_images/figure_1_all_timecourses.png	74379b5137abf0cca3352d9fd9b1f5533e28c6fbf605457f27b087f24dee6707	agent-dev/manuscript_integration/20260729_v03_figure_set_integration/final_images/S15.png	74379b5137abf0cca3352d9fd9b1f5533e28c6fbf605457f27b087f24dee6707	match
sum159_label_swap	figure_2_confluence_robustness	S16	manuscript_figures/20260729_sum159_label_swap_evidence_figures/polishing/final_images/figure_2_confluence_robustness.png	220612d1108b26912c2c93cbd16a3c6294c4b4fe9acaf2010326d417760fb8d2	agent-dev/manuscript_integration/20260729_v03_figure_set_integration/package_rebuilds/sum159_label_swap/final_images/figure_2_confluence_robustness.png	220612d1108b26912c2c93cbd16a3c6294c4b4fe9acaf2010326d417760fb8d2	agent-dev/manuscript_integration/20260729_v03_figure_set_integration/final_images/S16.png	220612d1108b26912c2c93cbd16a3c6294c4b4fe9acaf2010326d417760fb8d2	match
sum159_label_swap	figure_3_focused_distributions_and_same_2n	S17	manuscript_figures/20260729_sum159_label_swap_evidence_figures/polishing/final_images/figure_3_focused_distributions_and_same_2n.png	24f4af0607975068e53f1f96197ba0a959b833c83afa78d1a80f2cde76da8300	agent-dev/manuscript_integration/20260729_v03_figure_set_integration/package_rebuilds/sum159_label_swap/final_images/figure_3_focused_distributions_and_same_2n.png	24f4af0607975068e53f1f96197ba0a959b833c83afa78d1a80f2cde76da8300	agent-dev/manuscript_integration/20260729_v03_figure_set_integration/final_images/S17.png	24f4af0607975068e53f1f96197ba0a959b833c83afa78d1a80f2cde76da8300	match
sum159_label_swap	figure_4_cytoplasmic_signal_and_multimodal_fields	S18	manuscript_figures/20260729_sum159_label_swap_evidence_figures/polishing/final_images/figure_4_cytoplasmic_signal_and_multimodal_fields.png	7a4b0caf518491ef40009e88155a26c65909b31d474127b382161ce84b228652	agent-dev/manuscript_integration/20260729_v03_figure_set_integration/package_rebuilds/sum159_label_swap/final_images/figure_4_cytoplasmic_signal_and_multimodal_fields.png	7a4b0caf518491ef40009e88155a26c65909b31d474127b382161ce84b228652	agent-dev/manuscript_integration/20260729_v03_figure_set_integration/final_images/S18.png	7a4b0caf518491ef40009e88155a26c65909b31d474127b382161ce84b228652	match
