ploidy,G0,R1,R2,R3,Day,Dilution Factor,Average,CellLine,G
NA,0,5159.48,5974.79,5568.45,0,10,5568,MDA-MB-231,0.006643222
NA,0.1,78317.5,84218.7,80531.7,0,10,81023,MDA-MB-231,0.099106304
NA,0.25,207688,227627,211219,0,10,215511,MDA-MB-231,0.26390956
NA,0.5,514414,540595,504299,0,10,519769,MDA-MB-231,0.636749132
NA,1,82998,91295.3,84879.4,0,100,86391,MDA-MB-231,1.056846096
NA,5,398927,431669,412862,0,100,414486,MDA-MB-231,5.077343059
NA,25,370786,376247,391189,0,500,379407,MDA-MB-231,23.23743491
low,0,3483.56,3956.28,3742.52,1,10,3727,MDA-MB-231,0.004388328
low,0.1,24167.3,27368.3,27549.3,1,10,26362,MDA-MB-231,0.032124388
low,0.25,81358.4,74309.9,76938.3,1,10,77536,MDA-MB-231,0.09483319
low,0.5,285036,314873,290848,1,10,296919,MDA-MB-231,0.363667001
low,1,60474.1,65226,61053.7,1,100,62251,MDA-MB-231,0.761037587
low,5,344791,380916,351803,1,100,359170,MDA-MB-231,4.399497489
low,25,328898,355363,339001,1,500,341087,MDA-MB-231,20.88955706
high,0,3879.92,3727.08,3497.57,1,10,3702,MDA-MB-231,0.004356553
high,0.1,25654.8,24189.7,26017.8,1,10,25287,MDA-MB-231,0.030808056
high,0.25,83330.6,78445.6,82282.6,1,10,81353,MDA-MB-231,0.099511055
high,0.5,304549,298098,352609,1,10,318419,MDA-MB-231,0.390012822
high,1,67988.5,63551.4,68141.3,1,100,66560,MDA-MB-231,0.813841964
high,5,394047,358157,419047,1,100,390417,MDA-MB-231,4.782400094
high,25,362731,338661,364530,1,500,355307,MDA-MB-231,21.7608207
low,0,3071.32,2883.63,2895.22,2,10,2950,MDA-MB-231,0.003435702
low,0.1,6483.47,6668.67,6302.26,2,10,6485,MDA-MB-231,0.007767197
low,0.25,13603.4,14999.9,13558.1,2,10,14054,MDA-MB-231,0.017042295
low,0.5,53462.6,55732.2,58915.4,2,10,56037,MDA-MB-231,0.068488432
low,1,32360.2,31590.7,32469.5,2,100,32140,MDA-MB-231,0.39205396
low,5,327950,358198,346636,2,100,344261,MDA-MB-231,4.216805797
low,25,338050,360055,351408,2,500,349838,MDA-MB-231,21.42569259
high,0,3397.62,2897.47,2817.59,2,10,3038,MDA-MB-231,0.003542929
high,0.1,6198.89,5713.55,6963.53,2,10,6292,MDA-MB-231,0.007530927
high,0.25,11155.3,11110.1,12741.6,2,10,11669,MDA-MB-231,0.014119947
high,0.5,51346.4,48262,55277.7,2,10,51629,MDA-MB-231,0.063086802
high,1,38575,34994.7,37233.8,2,100,36935,MDA-MB-231,0.450804415
high,5,359963,349676,403427,2,100,371022,MDA-MB-231,4.544732605
high,25,359356,355927,396787,2,500,370690,MDA-MB-231,22.70332129
low,0,2948.74,2604.17,2885.32,3,10,2813,MDA-MB-231,0.003267437
low,0.1,3335.03,4478.45,3367.02,3,10,3727,MDA-MB-231,0.004387568
low,0.25,4098.6,4699.47,3988.12,3,10,4262,MDA-MB-231,0.005043442
low,0.5,6546.22,6330.02,6294.08,3,10,6390,MDA-MB-231,0.007651159
low,1,7324.87,7975.94,7612.53,3,100,7638,MDA-MB-231,0.091800658
low,5,268661,285705,266002,3,100,273456,MDA-MB-231,3.349153011
low,25,357805,357088,359999,3,500,358297,MDA-MB-231,21.9440189
high,0,3040.34,3087.62,3341.12,3,10,3156,MDA-MB-231,0.003688507
high,0.1,3739.14,3804.91,4857.7,3,10,4134,MDA-MB-231,0.004886411
high,0.25,4622.92,4705.16,7069.31,3,10,5466,MDA-MB-231,0.006518504
high,0.5,7043.18,6680.75,12011.4,3,10,8578,MDA-MB-231,0.01033276
high,1,8173,7783.31,9395.21,3,100,8451,MDA-MB-231,0.101759859
high,5,289501,262747,284797,3,100,279015,MDA-MB-231,3.417273329
high,25,348088,338582,362781,3,500,349817,MDA-MB-231,21.42442634
NA,0,8927.63,9461.26,11228,0,10,9872.296667,MCF10A,0.011918256
NA,0.1,75565.8,86160.3,82151,0,10,81292.36667,MCF10A,0.099436836
NA,0.25,197560,213929,194232,0,10,201907,MCF10A,0.247238729
NA,0.5,496671,522653,485564,0,10,501629.3333,MCF10A,0.614520267
NA,1,75194,79100.7,75141.7,0,100,76478.8,MCF10A,0.935382631
NA,5,415515,428656,436083,0,100,426751.3333,MCF10A,5.227643186
NA,25,345374,354779,351715,0,500,350622.6667,MCF10A,21.47378978
low,0,7742.24,8277.02,8886.32,1,10,8301.86,MCF10A,0.009993833
low,0.1,58927.3,60632.7,58740.6,1,10,59433.53333,MCF10A,0.072650891
low,0.25,141629,140581,131039,1,10,137749.6667,MCF10A,0.168619949
low,0.5,325603,344540,394658,1,10,354933.6667,MCF10A,0.434758521
low,1,51689.3,53488.2,50678.1,1,100,51951.86667,MCF10A,0.634828124
low,5,361129,373629,372603,1,100,369120.3333,MCF10A,4.521429468
low,25,286655,271320,288075,1,500,282016.6667,MCF10A,17.27027966
high,0,7994.24,7464.29,7612.24,1,10,7690.256667,MCF10A,0.009244371
high,0.1,30032.9,31037.3,34051.9,1,10,31707.36667,MCF10A,0.038675081
high,0.25,69720,78110.6,69187.8,1,10,72339.46667,MCF10A,0.088465899
high,0.5,173446,171264,208043,1,10,184251,MCF10A,0.225602961
high,1,38092.9,33004.4,37462.1,1,100,36186.46667,MCF10A,0.44163797
high,5,349268,350697,381043,1,100,360336,MCF10A,4.413785723
high,25,299577,319689,315832,1,500,311699.3333,MCF10A,19.08894551
low,0,8303.24,8195.61,8595.15,2,10,8364.666667,MCF10A,0.010070797
low,0.1,31800.3,26967,27480.2,2,10,28749.16667,MCF10A,0.035050085
low,0.25,59700,51861.7,46887.7,2,10,52816.46667,MCF10A,0.064542298
low,0.5,101906,104293,135598,2,10,113932.3333,MCF10A,0.139434047
low,1,19815.1,19862.2,19604.2,2,100,19760.5,MCF10A,0.240353193
low,5,286791,302327,323662,2,100,304260,MCF10A,3.726627068
low,25,286201,273760,320675,2,500,293545.3333,MCF10A,17.97664451
high,0,6346.75,7038.73,6596.73,2,10,6660.736667,MCF10A,0.007982791
high,0.1,6955.82,7279.33,9087.89,2,10,7774.346667,MCF10A,0.009347415
high,0.25,11941.6,15906.6,12436.7,2,10,13428.3,MCF10A,0.016275804
high,0.5,20679.1,19856.9,27832.1,2,10,22789.36667,MCF10A,0.027746911
high,1,9740.37,8711.14,8720.26,2,100,9057.256667,MCF10A,0.10919501
high,5,257142,262055,274487,2,100,264561.3333,MCF10A,3.240157234
high,25,302115,304674,304377,2,500,303722,MCF10A,18.60017192
low,0,8322.5,8294.67,8676.83,3,10,8431.333333,MCF10A,0.010152491
low,0.1,12294.3,9823.38,9339.08,3,10,10485.58667,MCF10A,0.012669785
low,0.25,13063.4,9896.33,8672.55,3,10,10544.09333,MCF10A,0.012741479
low,0.5,11342.7,12250,17576.5,3,10,13723.06667,MCF10A,0.016637012
low,1,5299.01,5601.96,4896.67,3,100,5265.88,MCF10A,0.062735253
low,5,121868,162397,158581,3,100,147615.3333,MCF10A,1.807093961
low,25,264098,245688,278325,3,500,262703.6667,MCF10A,16.08696638
high,0,5992.76,6399.3,6074.52,3,10,6155.526667,MCF10A,0.007363704
high,0.1,3573.78,3743.04,4788.91,3,10,4035.243333,MCF10A,0.004765496
high,0.25,3589.28,4449.47,5661.73,3,10,4566.826667,MCF10A,0.005416901
high,0.5,4100.73,3911.22,9397.95,3,10,5803.3,MCF10A,0.006932083
high,1,3930.86,4094.49,5446.47,3,100,4490.606667,MCF10A,0.053235008
high,5,97455.4,107036,130914,3,100,111801.8,MCF10A,1.368232784
high,25,261894,258063,252515,3,500,257490.6667,MCF10A,15.76756431
