context,G0_mM,hours,ploidy_state,n_objects,n_images,n_wells,q10,median,q90,metric
C00 fuse,0.5,8,low,3983,24,6,562,965,1708.8,cell
C00 fuse,0.5,16,low,5333,24,6,842.2,1467,2422,cell
C00 fuse,0.5,24,low,6040,24,6,1045,1863,2997,cell
C00 fuse,0.5,32,low,6710,24,6,1093,2080,3375.1,cell
C00 fuse,0.5,40,low,7336,24,6,1104.5,2094,3488,cell
C00 fuse,0.5,48,low,7477,24,6,1106.6,2036,3504,cell
C00 fuse,0.5,56,low,7484,24,6,1030.3,1934,3441.7,cell
C00 fuse,0.5,64,low,7099,24,6,981,1810,3313.6,cell
C00 fuse,0.5,72,low,4324,24,6,750.3,1544.5,3021.5,cell
C00 fuse,0.5,80,low,2029,24,6,582,1309,2799.4,cell
C00 fuse,0.5,88,low,680,24,6,472,1159.5,3191.6,cell
C00 fuse,0.5,96,low,176,24,6,323.5,1020,3558,cell
C00 fuse,0.5,104,low,136,23,6,370,774,2286.5,cell
C00 fuse,0.5,112,low,83,24,6,307,561,2025.2,cell
C00 fuse,0.5,120,low,93,23,6,281,521,1490,cell
C00 fuse,0.5,128,low,106,24,6,236.5,491,1074,cell
C00 fuse,0.5,136,low,101,24,6,214,411,1001,cell
C00 fuse,0.5,144,low,141,24,6,170,341,840,cell
C00 fuse,1,8,low,3990,24,6,559.9,941,1649,cell
C00 fuse,1,16,low,5511,24,6,831,1428,2310,cell
C00 fuse,1,24,low,6355,24,6,1016.4,1813,2948.2,cell
C00 fuse,1,32,low,7722,24,6,1040,1914,3283.6,cell
C00 fuse,1,40,low,9181,24,6,1090,2003,3506,cell
C00 fuse,1,48,low,10043,24,6,1118,2043,3615.8,cell
C00 fuse,1,56,low,10265,24,6,1092,2002,3593,cell
C00 fuse,1,64,low,10062,24,6,1022,1844.5,3476.9,cell
C00 fuse,1,72,low,9423,24,6,918,1669,3253.8,cell
C00 fuse,1,80,low,5916,24,6,699,1428,2886,cell
C00 fuse,1,88,low,2618,24,6,503.7,1146,2647.5,cell
C00 fuse,1,96,low,989,24,6,418,896,2526,cell
C00 fuse,1,104,low,354,24,6,338.6,676.5,2486.5,cell
C00 fuse,1,112,low,204,24,6,299,520,1671,cell
C00 fuse,1,120,low,164,24,6,300.3,493.5,1563.6,cell
C00 fuse,1,128,low,175,24,6,275.4,447,819.8,cell
C00 fuse,1,136,low,166,24,6,295.5,461.5,812,cell
C00 fuse,1,144,low,122,23,6,257.5,419,788.3,cell
C00 fuse,0.5,8,high,3682,24,6,590,983,1630.9,cell
C00 fuse,0.5,16,high,5309,24,6,823.8,1474,2403.4,cell
C00 fuse,0.5,24,high,6450,24,6,840,1605,2620,cell
C00 fuse,0.5,32,high,7811,24,6,801,1460,2540,cell
C00 fuse,0.5,40,high,8413,24,6,747,1310,2396.8,cell
C00 fuse,0.5,48,high,7773,24,6,702,1267,2388.8,cell
C00 fuse,0.5,56,high,5351,24,6,583,1121,2198,cell
C00 fuse,0.5,64,high,2805,24,6,493.8,960,2033.8,cell
C00 fuse,0.5,72,high,1136,24,6,422.5,924,2212.5,cell
C00 fuse,0.5,80,high,517,24,6,395,885,2491.4,cell
C00 fuse,0.5,88,high,268,23,6,365.2,883,2525.6,cell
C00 fuse,0.5,96,high,194,23,6,403.2,1005.5,2450.4,cell
C00 fuse,0.5,104,high,144,24,6,343.6,785,2210.8,cell
C00 fuse,0.5,112,high,134,24,6,284.6,675.5,1986.7,cell
C00 fuse,0.5,120,high,119,24,6,242.4,587,1922,cell
C00 fuse,0.5,128,high,96,24,6,233.5,517.5,1759.5,cell
C00 fuse,0.5,136,high,102,23,6,240.6,530.5,1737.9,cell
C00 fuse,0.5,144,high,93,23,6,156.6,408,1435.4,cell
C00 fuse,1,8,high,3879,24,6,595,1004,1673.2,cell
C00 fuse,1,16,high,5684,24,6,823,1446.5,2352,cell
C00 fuse,1,24,high,7327,24,6,768,1496,2459,cell
C00 fuse,1,32,high,10193,24,6,736,1373,2344.8,cell
C00 fuse,1,40,high,12023,24,6,707,1319,2300.6,cell
C00 fuse,1,48,high,12696,24,6,649,1192,2129,cell
C00 fuse,1,56,high,11025,24,6,628,1171,2127,cell
C00 fuse,1,64,high,5157,24,6,497,1049,2125.4,cell
C00 fuse,1,72,high,1925,24,6,436,970,2109.8,cell
C00 fuse,1,80,high,772,24,6,389,856,2108.3,cell
C00 fuse,1,88,high,383,24,6,375.8,825,2314.2,cell
C00 fuse,1,96,high,221,24,6,387,623,2112,cell
C00 fuse,1,104,high,157,24,6,345.6,532,1636.2,cell
C00 fuse,1,112,high,108,22,6,264.7,500,1726.4,cell
C00 fuse,1,120,high,97,22,6,245.6,476,1357.2,cell
C00 fuse,1,128,high,96,21,6,154.5,425.5,979,cell
C00 fuse,1,136,high,122,24,6,191.2,383,848.4,cell
C00 fuse,1,144,high,124,24,6,177.7,350,841.8,cell
I00 fuse,0.5,0,high,2501,16,4,365,620,1159,cell
I00 fuse,0.5,8,high,3140,16,4,560,968,1746.1,cell
I00 fuse,0.5,16,high,4187,16,4,784.8,1432,2308.4,cell
I00 fuse,0.5,24,high,5180,16,4,716,1434.5,2384.4,cell
I00 fuse,0.5,32,high,7298,16,4,719,1338,2143.3,cell
I00 fuse,0.5,40,high,8191,16,4,718,1330,2154,cell
I00 fuse,0.5,48,high,8984,16,4,682.3,1234,2043.7,cell
I00 fuse,0.5,56,high,9161,16,4,640,1156,1940,cell
I00 fuse,0.5,64,high,8225,16,4,562.4,1061,1864,cell
I00 fuse,0.5,80,high,5236,16,4,466,905,1743,cell
I00 fuse,0.5,88,high,4178,16,4,469.7,911,1753,cell
I00 fuse,0.5,96,high,3591,16,4,479,898,1685,cell
I00 fuse,0.5,104,high,2845,16,4,466,889,1680.2,cell
I00 fuse,0.5,112,high,2070,16,4,458,860,1673.5,cell
I00 fuse,0.5,120,high,1110,16,4,442.9,857.5,1627.8,cell
I00 fuse,1,0,high,2348,16,4,367,610,1091.6,cell
I00 fuse,1,8,high,3063,16,4,569,971,1692,cell
I00 fuse,1,16,high,4133,16,4,780,1405,2266.8,cell
I00 fuse,1,24,high,5344,16,4,656,1316,2219.7,cell
I00 fuse,1,32,high,7967,16,4,690,1269,2003,cell
I00 fuse,1,40,high,10097,16,4,611,1211,2030.4,cell
I00 fuse,1,48,high,11921,16,4,607,1123,1878,cell
I00 fuse,1,56,high,12526,16,4,606,1079,1779,cell
I00 fuse,1,64,high,12038,16,4,588,1057,1741.3,cell
I00 fuse,1,80,high,8868,16,4,488,907,1629.3,cell
I00 fuse,1,88,high,7229,16,4,452,858,1596,cell
I00 fuse,1,96,high,5725,16,4,450,852,1595.2,cell
I00 fuse,1,104,high,4740,16,4,460,852,1570,cell
I00 fuse,1,112,high,3749,16,4,438,817,1513.2,cell
I00 fuse,1,120,high,2182,16,4,443,812.5,1500.6,cell
I00 fuse,0.5,0,low,2614,16,4,414,720,1346,cell
I00 fuse,0.5,8,low,3265,16,4,501.4,860,1525.2,cell
I00 fuse,0.5,16,low,4428,16,4,726,1258.5,2042.6,cell
I00 fuse,0.5,24,low,5013,16,4,954.4,1654,2617,cell
I00 fuse,0.5,32,low,5763,16,4,969.2,1827,3033.8,cell
I00 fuse,0.5,40,low,6657,16,4,954,1792,3138.8,cell
I00 fuse,0.5,48,low,7137,16,4,979,1777,3219.8,cell
I00 fuse,0.5,56,low,7229,16,4,953,1721,3215.2,cell
I00 fuse,0.5,64,low,7180,16,4,932.9,1684,3136.2,cell
I00 fuse,0.5,80,low,6425,16,4,782,1500,2979.4,cell
I00 fuse,0.5,88,low,5327,16,4,695,1413,2915,cell
I00 fuse,0.5,96,low,3898,16,4,627,1358.5,2874.9,cell
I00 fuse,0.5,104,low,2712,16,4,571,1289,2812.6,cell
I00 fuse,0.5,112,low,1697,16,4,541.2,1261,2752.6,cell
I00 fuse,0.5,120,low,752,16,4,499.4,1215,2890.8,cell
I00 fuse,1,0,low,2349,16,4,413.8,712,1308,cell
I00 fuse,1,8,low,2968,16,4,515,857,1514.6,cell
I00 fuse,1,16,low,4129,16,4,701,1214,2021.2,cell
I00 fuse,1,24,low,4730,16,4,911,1614,2578.3,cell
I00 fuse,1,32,low,6061,16,4,897,1642,2812,cell
I00 fuse,1,40,low,7434,16,4,952.3,1720,2992,cell
I00 fuse,1,48,low,8373,16,4,956,1785,3100,cell
I00 fuse,1,56,low,8964,16,4,928.3,1730,3090,cell
I00 fuse,1,64,low,8979,16,4,899,1648,3065,cell
I00 fuse,1,80,low,8591,16,4,764,1418,2761,cell
I00 fuse,1,88,low,7623,16,4,693,1288,2604,cell
I00 fuse,1,96,low,6031,16,4,607,1218,2538,cell
I00 fuse,1,104,low,4132,16,4,562,1185,2572.8,cell
I00 fuse,1,112,low,2323,16,4,520.2,1199,2691,cell
I00 fuse,1,120,low,1029,16,4,456.8,1168,2881,cell
M00b chem,0.5,0,high,2071,16,4,385,650,1104,cell
M00b chem,0.5,8,high,2162,16,4,486.1,895,1600,cell
M00b chem,0.5,16,high,2340,16,4,663,1261.5,2329.3,cell
M00b chem,0.5,24,high,2373,16,4,758,1590,2995.2,cell
M00b chem,0.5,32,high,2578,16,4,747.4,1606,3346.3,cell
M00b chem,0.5,40,high,2696,16,4,727,1608,3516.5,cell
M00b chem,0.5,48,high,2727,16,4,693.6,1518,3401.2,cell
M00b chem,0.5,56,high,2700,16,4,687.9,1493.5,3442.3,cell
M00b chem,0.5,64,high,2661,16,4,675,1409,3474,cell
M00b chem,0.5,72,high,2554,16,4,654.3,1388,3443.2,cell
M00b chem,0.5,80,high,2298,16,4,636,1310,3432.3,cell
M00b chem,0.5,88,high,1911,16,4,599,1294,3232,cell
M00b chem,0.5,96,high,1674,16,4,604,1285,3249.8,cell
M00b chem,0.5,104,high,1402,16,4,575,1340,3284.4,cell
M00b chem,0.5,112,high,1082,16,4,610.5,1377.5,3425,cell
M00b chem,0.5,120,high,854,16,4,531.4,1381.5,3709.70000000001,cell
M00b chem,1,0,high,2340,16,4,379.8,653,1150,cell
M00b chem,1,8,high,2412,16,4,480.1,862.5,1588.9,cell
M00b chem,1,16,high,2577,16,4,638,1267,2285.4,cell
M00b chem,1,24,high,2748,16,4,726.7,1497,2867.3,cell
M00b chem,1,32,high,3129,16,4,702.8,1485,3024.8,cell
M00b chem,1,40,high,3723,16,4,686,1478,3131,cell
M00b chem,1,48,high,3991,16,4,694,1477,3296,cell
M00b chem,1,56,high,3984,16,4,652.6,1361.5,3236,cell
M00b chem,1,64,high,3887,16,4,644,1284,3126.4,cell
M00b chem,1,72,high,3550,16,4,590,1224.5,3133.2,cell
M00b chem,1,80,high,2607,16,4,570.2,1189,3114.4,cell
M00b chem,1,88,high,1689,16,4,550.6,1254,3275.4,cell
M00b chem,1,96,high,1168,16,4,553.7,1172,3395.1,cell
M00b chem,1,104,high,863,16,4,498,1259,3476.8,cell
M00b chem,1,112,high,644,16,4,549.3,1252.5,3645.9,cell
M00b chem,1,120,high,462,16,4,541.2,1313.5,3937.4,cell
M00b chem,0.5,0,low,1074,16,4,246,389,643,cell
M00b chem,0.5,8,low,1132,16,4,349,560,885,cell
M00b chem,0.5,16,low,1602,16,4,479.1,824.5,1310,cell
M00b chem,0.5,24,low,1861,16,4,635,1109,1756,cell
M00b chem,0.5,32,low,2390,16,4,654.9,1146.5,1917,cell
M00b chem,0.5,40,low,2885,16,4,675,1169,1991.6,cell
M00b chem,0.5,48,low,3337,16,4,623,1115,2058.2,cell
M00b chem,0.5,56,low,3523,16,4,575,1020,1930,cell
M00b chem,0.5,64,low,3422,16,4,529,917,1842.8,cell
M00b chem,0.5,72,low,3120,16,4,491,838,1869.3,cell
M00b chem,0.5,80,low,2717,16,4,465.6,809,1812.4,cell
M00b chem,0.5,88,low,2082,16,4,442.1,781.5,1847.4,cell
M00b chem,0.5,96,low,1443,16,4,451.2,795,1940.8,cell
M00b chem,0.5,104,low,910,16,4,452.8,839,2065.7,cell
M00b chem,0.5,112,low,618,16,4,452.8,907,2076.6,cell
M00b chem,0.5,120,low,373,16,4,507.2,1032,2284.2,cell
M00b chem,1,0,low,1046,16,4,226,366.5,599,cell
M00b chem,1,8,low,1173,16,4,337,541,881.8,cell
M00b chem,1,16,low,1589,16,4,477.8,844,1368.2,cell
M00b chem,1,24,low,1898,16,4,627.7,1098,1759.3,cell
M00b chem,1,32,low,2546,16,4,626,1104,1776.5,cell
M00b chem,1,40,low,3232,16,4,604.1,1097.5,1884.9,cell
M00b chem,1,48,low,4388,16,4,568,1010,1772.3,cell
M00b chem,1,56,low,5145,16,4,570,1034,1778.2,cell
M00b chem,1,64,low,5340,16,4,539,971,1738,cell
M00b chem,1,72,low,4996,16,4,479,852,1628,cell
M00b chem,1,80,low,4263,16,4,436,739,1485.2,cell
M00b chem,1,88,low,2536,16,4,408,722.5,1488.5,cell
M00b chem,1,96,low,1002,16,4,388,728.5,1755,cell
M00b chem,1,104,low,474,16,4,407.5,816.5,2105.7,cell
M00b chem,1,112,low,248,16,4,415.4,967,2532.2,cell
M00b chem,1,120,low,145,16,4,370.4,1017,2788.2,cell
J00 mixture,0.5,0,low,1611,16,4,398,678,1161,cell
J00 mixture,0.5,0,high,681,16,4,374,594,997,cell
J00 mixture,0.5,8,low,1723,16,4,509,871,1557,cell
J00 mixture,0.5,8,high,1198,16,4,596,968,1665,cell
J00 mixture,0.5,16,high,1753,16,4,801,1468,2296.4,cell
J00 mixture,0.5,16,low,2254,16,4,714.3,1249,2076.4,cell
J00 mixture,0.5,24,high,2231,16,4,800,1577,2527,cell
J00 mixture,0.5,24,low,2487,16,4,922.2,1602,2554.6,cell
J00 mixture,0.5,32,high,3203,16,4,833,1538,2337,cell
J00 mixture,0.5,32,low,2941,16,4,867,1664,2799,cell
J00 mixture,0.5,40,high,3786,16,4,808.5,1503,2348,cell
J00 mixture,0.5,40,low,3266,16,4,859.5,1606,2777,cell
J00 mixture,0.5,48,high,4293,16,4,742.2,1355,2221.6,cell
J00 mixture,0.5,48,low,3408,16,4,852.7,1532,2768,cell
J00 mixture,0.5,56,high,4470,16,4,714,1250,2092.3,cell
J00 mixture,0.5,56,low,3475,16,4,821.2,1463,2652.6,cell
J00 mixture,0.5,64,low,3403,16,4,730,1352,2551.4,cell
J00 mixture,0.5,64,high,4179,16,4,640,1182,2048.2,cell
J00 mixture,0.5,80,high,2599,16,4,525.4,984,1872.2,cell
J00 mixture,0.5,80,low,2246,16,4,552,1136,2260.5,cell
J00 mixture,0.5,88,high,1693,16,4,483,966,1870.2,cell
J00 mixture,0.5,88,low,1553,16,4,501,1081,2175.8,cell
J00 mixture,0.5,96,high,1085,16,4,480,981,1920.6,cell
J00 mixture,0.5,96,low,1071,16,4,504,1023,2146,cell
J00 mixture,0.5,104,high,724,16,4,499.3,975,1921.8,cell
J00 mixture,0.5,104,low,745,16,4,450.4,972,1888.2,cell
J00 mixture,0.5,112,low,421,16,4,454,934,1980,cell
J00 mixture,0.5,112,high,452,16,4,451.8,910,1637.8,cell
J00 mixture,0.5,120,high,226,16,4,413,915,1809,cell
J00 mixture,0.5,120,low,205,16,4,441.2,930,1828,cell
J00 mixture,1,0,low,1489,16,4,388.8,658,1196.4,cell
J00 mixture,1,0,high,559,16,4,377.8,599,1062,cell
J00 mixture,1,8,low,1715,16,4,503.4,856,1539,cell
J00 mixture,1,8,high,1090,16,4,580.9,981,1714.1,cell
J00 mixture,1,16,low,2204,16,4,703.3,1243.5,2025.7,cell
J00 mixture,1,16,high,1615,16,4,792.4,1464,2398,cell
J00 mixture,1,24,low,2525,16,4,831.2,1558,2478,cell
J00 mixture,1,24,high,2095,16,4,719,1488,2441.8,cell
J00 mixture,1,32,low,3279,16,4,818,1497,2611.4,cell
J00 mixture,1,32,high,3213,16,4,764.6,1403,2164.4,cell
J00 mixture,1,40,low,3918,16,4,868,1602,2709,cell
J00 mixture,1,40,high,4290,16,4,690.9,1354.5,2160.1,cell
J00 mixture,1,48,low,4294,16,4,872,1597,2768.1,cell
J00 mixture,1,48,high,5347,16,4,705.2,1288,2040.8,cell
J00 mixture,1,56,low,4330,16,4,825,1524.5,2745,cell
J00 mixture,1,56,high,5726,16,4,701,1257.5,1998,cell
J00 mixture,1,64,low,4313,16,4,779.2,1421,2616.8,cell
J00 mixture,1,64,high,5710,16,4,679,1180,1913,cell
J00 mixture,1,80,low,3433,16,4,612,1152,2311.8,cell
J00 mixture,1,80,high,3762,16,4,545,990,1706,cell
J00 mixture,1,88,high,2690,16,4,492,936,1670.2,cell
J00 mixture,1,88,low,2477,16,4,535.6,1131,2357.4,cell
J00 mixture,1,96,high,1768,16,4,461,953,1708.3,cell
J00 mixture,1,96,low,1648,16,4,550.4,1125,2401.8,cell
J00 mixture,1,104,high,1062,16,4,471.4,939.5,1680,cell
J00 mixture,1,104,low,939,16,4,497.8,1116,2505.6,cell
J00 mixture,1,112,high,536,16,4,469.5,960.5,1736,cell
J00 mixture,1,112,low,505,16,4,458.4,1099,2539.8,cell
J00 mixture,1,120,low,229,16,4,402,967,2257.4,cell
J00 mixture,1,120,high,231,16,4,441,942,1898,cell
C00 fuse,0.5,8,low,3981,24,6,102,147,223,nuclear
C00 fuse,0.5,16,low,5330,24,6,118,169,252,nuclear
C00 fuse,0.5,24,low,6040,24,6,134,201,287,nuclear
C00 fuse,0.5,32,low,6709,24,6,143.8,219,309,nuclear
C00 fuse,0.5,40,low,7332,24,6,151,227,324,nuclear
C00 fuse,0.5,48,low,7476,24,6,158,231,333,nuclear
C00 fuse,0.5,56,low,7480,24,6,156,234,344,nuclear
C00 fuse,0.5,64,low,7098,24,6,154,233,348,nuclear
C00 fuse,0.5,72,low,4322,24,6,140,218,334.9,nuclear
C00 fuse,0.5,80,low,2026,24,6,111.5,199,317,nuclear
C00 fuse,0.5,88,low,677,24,6,93,180,319.4,nuclear
C00 fuse,0.5,96,low,175,24,6,69,167,328.6,nuclear
C00 fuse,0.5,104,low,134,23,6,78,157.5,294.1,nuclear
C00 fuse,0.5,112,low,80,24,6,66.7,137,249,nuclear
C00 fuse,0.5,120,low,92,23,6,78.1,132,282.6,nuclear
C00 fuse,0.5,128,low,104,24,6,60.6,125.5,257,nuclear
C00 fuse,0.5,136,low,99,24,6,65,124,241.2,nuclear
C00 fuse,0.5,144,low,141,24,6,64,118,254,nuclear
C00 fuse,1,8,low,3989,24,6,103,145,225.2,nuclear
C00 fuse,1,16,low,5511,24,6,120,172,254,nuclear
C00 fuse,1,24,low,6354,24,6,136,207,295,nuclear
C00 fuse,1,32,low,7722,24,6,139,220,324,nuclear
C00 fuse,1,40,low,9181,24,6,150,231,340,nuclear
C00 fuse,1,48,low,10041,24,6,157,241,354,nuclear
C00 fuse,1,56,low,10263,24,6,166,244,365,nuclear
C00 fuse,1,64,low,10062,24,6,165,242,371,nuclear
C00 fuse,1,72,low,9422,24,6,159,235,372,nuclear
C00 fuse,1,80,low,5914,24,6,130,218,350,nuclear
C00 fuse,1,88,low,2610,24,6,98,192,319,nuclear
C00 fuse,1,96,low,986,24,6,85,170.5,294,nuclear
C00 fuse,1,104,low,353,24,6,77.2,132,277.8,nuclear
C00 fuse,1,112,low,203,24,6,72,110,225.6,nuclear
C00 fuse,1,120,low,163,24,6,67,110,215.4,nuclear
C00 fuse,1,128,low,174,24,6,65.2,103,191.7,nuclear
C00 fuse,1,136,low,166,24,6,64.5,106,179.5,nuclear
C00 fuse,1,144,low,121,23,6,73,114,216,nuclear
C00 fuse,0.5,8,high,3682,24,6,122,173,257.9,nuclear
C00 fuse,0.5,16,high,5308,24,6,143,201,281,nuclear
C00 fuse,0.5,24,high,6449,24,6,143,218,301,nuclear
C00 fuse,0.5,32,high,7811,24,6,152,222,316,nuclear
C00 fuse,0.5,40,high,8411,24,6,154,221,322,nuclear
C00 fuse,0.5,48,high,7769,24,6,151,222,333,nuclear
C00 fuse,0.5,56,high,5345,24,6,141,217,336.6,nuclear
C00 fuse,0.5,64,high,2791,24,6,117,196,306,nuclear
C00 fuse,0.5,72,high,1120,24,6,105.9,181,288,nuclear
C00 fuse,0.5,80,high,507,24,6,103,174,287.4,nuclear
C00 fuse,0.5,88,high,255,23,6,87.4,165,296.8,nuclear
C00 fuse,0.5,96,high,190,23,6,114.9,205.5,342.3,nuclear
C00 fuse,0.5,104,high,143,24,6,99.2,186,342.6,nuclear
C00 fuse,0.5,112,high,134,24,6,83.6,182.5,343.1,nuclear
C00 fuse,0.5,120,high,118,24,6,80.5,178.5,322.3,nuclear
C00 fuse,0.5,128,high,95,24,6,77.8,160,315.4,nuclear
C00 fuse,0.5,136,high,102,23,6,80,157.5,316.8,nuclear
C00 fuse,0.5,144,high,93,23,6,65.2,147,297.8,nuclear
C00 fuse,1,8,high,3879,24,6,123,173,256,nuclear
C00 fuse,1,16,high,5684,24,6,143.3,204,283,nuclear
C00 fuse,1,24,high,7325,24,6,142,216,298,nuclear
C00 fuse,1,32,high,10193,24,6,145,218,300,nuclear
C00 fuse,1,40,high,12022,24,6,151,227,315,nuclear
C00 fuse,1,48,high,12694,24,6,153,226,321,nuclear
C00 fuse,1,56,high,11020,24,6,152,230,332,nuclear
C00 fuse,1,64,high,5125,24,6,122,212,325.6,nuclear
C00 fuse,1,72,high,1902,24,6,99,189,311,nuclear
C00 fuse,1,80,high,758,24,6,91,168.5,304.3,nuclear
C00 fuse,1,88,high,371,24,6,90,175,311,nuclear
C00 fuse,1,96,high,214,24,6,91.6,157.5,272.4,nuclear
C00 fuse,1,104,high,154,24,6,93.5,149.5,269.5,nuclear
C00 fuse,1,112,high,106,22,6,88.5,151,297.5,nuclear
C00 fuse,1,120,high,95,22,6,84.4,153,278.6,nuclear
C00 fuse,1,128,high,95,21,6,55.4,145,241.2,nuclear
C00 fuse,1,136,high,122,24,6,69,134,278.7,nuclear
C00 fuse,1,144,high,124,24,6,63.3,131.5,240.2,nuclear
I00 fuse,0.5,0,high,2500,16,4,81,131,211,nuclear
I00 fuse,0.5,8,high,3139,16,4,115,164,254,nuclear
I00 fuse,0.5,16,high,4186,16,4,133,192,274,nuclear
I00 fuse,0.5,24,high,5179,16,4,128.8,204,288,nuclear
I00 fuse,0.5,32,high,7298,16,4,143,207,282,nuclear
I00 fuse,0.5,40,high,8191,16,4,148,216,291,nuclear
I00 fuse,0.5,48,high,8980,16,4,142,212,292,nuclear
I00 fuse,0.5,56,high,9151,16,4,138,204,287,nuclear
I00 fuse,0.5,64,high,8207,16,4,127,191,281,nuclear
I00 fuse,0.5,80,high,5195,16,4,106,177,272,nuclear
I00 fuse,0.5,88,high,4130,16,4,100,182,283,nuclear
I00 fuse,0.5,96,high,3504,16,4,104,192,307,nuclear
I00 fuse,0.5,104,high,2793,16,4,103.2,199,320,nuclear
I00 fuse,0.5,112,high,2049,16,4,92,207,336.2,nuclear
I00 fuse,0.5,120,high,1104,16,4,95,217,355,nuclear
I00 fuse,1,0,high,2346,16,4,83,131,204,nuclear
I00 fuse,1,8,high,3063,16,4,117,165,253,nuclear
I00 fuse,1,16,high,4133,16,4,137,192,274,nuclear
I00 fuse,1,24,high,5344,16,4,127,196,280,nuclear
I00 fuse,1,32,high,7966,16,4,144,208,277,nuclear
I00 fuse,1,40,high,10097,16,4,136,212,293,nuclear
I00 fuse,1,48,high,11920,16,4,144,211,291,nuclear
I00 fuse,1,56,high,12526,16,4,147,211,292,nuclear
I00 fuse,1,64,high,12027,16,4,145,208,296,nuclear
I00 fuse,1,80,high,8838,16,4,115,187,286,nuclear
I00 fuse,1,88,high,7179,16,4,106,183,285,nuclear
I00 fuse,1,96,high,5620,16,4,103,186,287.1,nuclear
I00 fuse,1,104,high,4519,16,4,104,191,298,nuclear
I00 fuse,1,112,high,3537,16,4,94,192,305.4,nuclear
I00 fuse,1,120,high,2089,16,4,89,201,316,nuclear
I00 fuse,0.5,0,low,2613,16,4,96,150,243,nuclear
I00 fuse,0.5,8,low,3264,16,4,95,134.5,207,nuclear
I00 fuse,0.5,16,low,4427,16,4,108,152,227,nuclear
I00 fuse,0.5,24,low,5013,16,4,125,184,264,nuclear
I00 fuse,0.5,32,low,5763,16,4,129,201,287,nuclear
I00 fuse,0.5,40,low,6654,16,4,137,206,299,nuclear
I00 fuse,0.5,48,low,7136,16,4,147,215,318,nuclear
I00 fuse,0.5,56,low,7227,16,4,151,219,326,nuclear
I00 fuse,0.5,64,low,7178,16,4,149,220,333,nuclear
I00 fuse,0.5,80,low,6420,16,4,134,203,323,nuclear
I00 fuse,0.5,88,low,5312,16,4,123,196,323,nuclear
I00 fuse,0.5,96,low,3882,16,4,115,191,318,nuclear
I00 fuse,0.5,104,low,2694,16,4,100.3,187,333.400000000001,nuclear
I00 fuse,0.5,112,low,1674,16,4,90,190,372,nuclear
I00 fuse,0.5,120,low,735,16,4,84,200,400,nuclear
I00 fuse,1,0,low,2349,16,4,97,149,235,nuclear
I00 fuse,1,8,low,2968,16,4,96,136,210,nuclear
I00 fuse,1,16,low,4128,16,4,110,152,225.3,nuclear
I00 fuse,1,24,low,4730,16,4,124,183,268.1,nuclear
I00 fuse,1,32,low,6060,16,4,125.9,193,287,nuclear
I00 fuse,1,40,low,7432,16,4,137,205,303,nuclear
I00 fuse,1,48,low,8373,16,4,144,220,322,nuclear
I00 fuse,1,56,low,8963,16,4,151,227,335,nuclear
I00 fuse,1,64,low,8979,16,4,155,230,344,nuclear
I00 fuse,1,80,low,8591,16,4,150,226,348,nuclear
I00 fuse,1,88,low,7619,16,4,137,216,344,nuclear
I00 fuse,1,96,low,6015,16,4,122,206,338,nuclear
I00 fuse,1,104,low,4116,16,4,105,198,329,nuclear
I00 fuse,1,112,low,2309,16,4,86.8,191,338,nuclear
I00 fuse,1,120,low,1012,16,4,75,186.5,350,nuclear
M00b chem,0.5,0,high,2067,16,4,100,174,299.4,nuclear
M00b chem,0.5,8,high,2162,16,4,100,152,243,nuclear
M00b chem,0.5,16,high,2334,16,4,110,169,282,nuclear
M00b chem,0.5,24,high,2369,16,4,123,191,322.2,nuclear
M00b chem,0.5,32,high,2577,16,4,122,202,351,nuclear
M00b chem,0.5,40,high,2695,16,4,123.4,210,383.6,nuclear
M00b chem,0.5,48,high,2721,16,4,130,214,390,nuclear
M00b chem,0.5,56,high,2699,16,4,135,219,416,nuclear
M00b chem,0.5,64,high,2659,16,4,140,228,443.2,nuclear
M00b chem,0.5,72,high,2548,16,4,133,230,435.6,nuclear
M00b chem,0.5,80,high,2295,16,4,128.4,228,450,nuclear
M00b chem,0.5,88,high,1906,16,4,121,226,441.5,nuclear
M00b chem,0.5,96,high,1669,16,4,120,232,461.4,nuclear
M00b chem,0.5,104,high,1398,16,4,111,234.5,471.3,nuclear
M00b chem,0.5,112,high,1077,16,4,114,239,472.4,nuclear
M00b chem,0.5,120,high,851,16,4,110,238,480,nuclear
M00b chem,1,0,high,2340,16,4,100,172,302,nuclear
M00b chem,1,8,high,2410,16,4,96,151,239,nuclear
M00b chem,1,16,high,2568,16,4,108,172,284,nuclear
M00b chem,1,24,high,2739,16,4,122,190,323.2,nuclear
M00b chem,1,32,high,3115,16,4,118,194,343,nuclear
M00b chem,1,40,high,3719,16,4,121,196,357,nuclear
M00b chem,1,48,high,3984,16,4,127,204,376,nuclear
M00b chem,1,56,high,3977,16,4,130,209,390,nuclear
M00b chem,1,64,high,3881,16,4,134,215,400,nuclear
M00b chem,1,72,high,3544,16,4,133.3,214,417,nuclear
M00b chem,1,80,high,2599,16,4,120.8,221,427.2,nuclear
M00b chem,1,88,high,1681,16,4,108,228,460,nuclear
M00b chem,1,96,high,1144,16,4,110,229.5,459.4,nuclear
M00b chem,1,104,high,819,16,4,103,229,494.6,nuclear
M00b chem,1,112,high,598,16,4,90.7,231,475.100000000001,nuclear
M00b chem,1,120,high,445,16,4,95.4,239,507,nuclear
M00b chem,0.5,0,low,1073,16,4,66.2,104,169,nuclear
M00b chem,0.5,8,low,1130,16,4,78,111,164,nuclear
M00b chem,0.5,16,low,1602,16,4,91,130,201,nuclear
M00b chem,0.5,24,low,1861,16,4,106,152,235,nuclear
M00b chem,0.5,32,low,2389,16,4,103,154,242,nuclear
M00b chem,0.5,40,low,2885,16,4,110,159,248,nuclear
M00b chem,0.5,48,low,3337,16,4,108,159,250,nuclear
M00b chem,0.5,56,low,3522,16,4,110,159,253,nuclear
M00b chem,0.5,64,low,3422,16,4,110,158,257,nuclear
M00b chem,0.5,72,low,3120,16,4,110,160,266,nuclear
M00b chem,0.5,80,low,2717,16,4,109,161,273,nuclear
M00b chem,0.5,88,low,2082,16,4,108,162,286.9,nuclear
M00b chem,0.5,96,low,1443,16,4,105,168,306.8,nuclear
M00b chem,0.5,104,low,910,16,4,102.9,172.5,310.2,nuclear
M00b chem,0.5,112,low,618,16,4,99,181,304,nuclear
M00b chem,0.5,120,low,373,16,4,97.2,188,328.4,nuclear
M00b chem,1,0,low,1042,16,4,62,102,165,nuclear
M00b chem,1,8,low,1167,16,4,74.6,109,165.8,nuclear
M00b chem,1,16,low,1588,16,4,90,132,210,nuclear
M00b chem,1,24,low,1896,16,4,104,151,249,nuclear
M00b chem,1,32,low,2546,16,4,105,154,249,nuclear
M00b chem,1,40,low,3232,16,4,107,158,251,nuclear
M00b chem,1,48,low,4388,16,4,105,152,242.3,nuclear
M00b chem,1,56,low,5144,16,4,110,159,239,nuclear
M00b chem,1,64,low,5340,16,4,112,162,248,nuclear
M00b chem,1,72,low,4995,16,4,112,161,247.6,nuclear
M00b chem,1,80,low,4263,16,4,111,158,246.8,nuclear
M00b chem,1,88,low,2535,16,4,106,157,266,nuclear
M00b chem,1,96,low,1001,16,4,100,161,295,nuclear
M00b chem,1,104,low,474,16,4,91.3,160,299.7,nuclear
M00b chem,1,112,low,247,16,4,89,165,310,nuclear
M00b chem,1,120,low,145,16,4,84,166,337.2,nuclear
J00 mixture,0.5,0,low,1608,16,4,91,143,221,nuclear
J00 mixture,0.5,0,high,681,16,4,80,127,206,nuclear
J00 mixture,0.5,8,low,1722,16,4,98,141,229.9,nuclear
J00 mixture,0.5,8,high,1198,16,4,121,164,240.3,nuclear
J00 mixture,0.5,16,high,1753,16,4,137,194,268.8,nuclear
J00 mixture,0.5,16,low,2254,16,4,108,156,242.7,nuclear
J00 mixture,0.5,24,high,2231,16,4,132,208,289,nuclear
J00 mixture,0.5,24,low,2487,16,4,125,182,265.4,nuclear
J00 mixture,0.5,32,high,3203,16,4,144,215,289,nuclear
J00 mixture,0.5,32,low,2941,16,4,128,197,287,nuclear
J00 mixture,0.5,40,high,3785,16,4,147,223,300,nuclear
J00 mixture,0.5,40,low,3266,16,4,137,203,299,nuclear
J00 mixture,0.5,48,high,4290,16,4,144.9,220,300,nuclear
J00 mixture,0.5,48,low,3406,16,4,141,206,304,nuclear
J00 mixture,0.5,56,high,4465,16,4,148.4,216,301.6,nuclear
J00 mixture,0.5,56,low,3471,16,4,140,205,306,nuclear
J00 mixture,0.5,64,low,3401,16,4,132,198,307,nuclear
J00 mixture,0.5,64,high,4175,16,4,144,208,303,nuclear
J00 mixture,0.5,80,high,2587,16,4,109,184,292.4,nuclear
J00 mixture,0.5,80,low,2233,16,4,106,172,284,nuclear
J00 mixture,0.5,88,high,1675,16,4,100,179,280,nuclear
J00 mixture,0.5,88,low,1543,16,4,98,168,279,nuclear
J00 mixture,0.5,96,high,1064,16,4,97.3,186,295,nuclear
J00 mixture,0.5,96,low,1054,16,4,84,166.5,288.8,nuclear
J00 mixture,0.5,104,high,697,16,4,97,195,309.4,nuclear
J00 mixture,0.5,104,low,716,16,4,82.5,163,285,nuclear
J00 mixture,0.5,112,low,402,16,4,78,171.5,304,nuclear
J00 mixture,0.5,112,high,438,16,4,89.7,195,302.9,nuclear
J00 mixture,0.5,120,high,221,16,4,102,219,343,nuclear
J00 mixture,0.5,120,low,200,16,4,88.9,185.5,335.2,nuclear
J00 mixture,1,0,low,1487,16,4,92,141,223.4,nuclear
J00 mixture,1,0,high,559,16,4,83.8,123,196.2,nuclear
J00 mixture,1,8,low,1714,16,4,99,140,234,nuclear
J00 mixture,1,8,high,1090,16,4,120,163,240.1,nuclear
J00 mixture,1,16,low,2204,16,4,112,157,239.7,nuclear
J00 mixture,1,16,high,1615,16,4,135,197,280.6,nuclear
J00 mixture,1,24,low,2525,16,4,123,184,268,nuclear
J00 mixture,1,24,high,2095,16,4,127,205,290,nuclear
J00 mixture,1,32,low,3278,16,4,125.7,189,281,nuclear
J00 mixture,1,32,high,3213,16,4,140.2,212,287,nuclear
J00 mixture,1,40,low,3917,16,4,134.6,204,298,nuclear
J00 mixture,1,40,high,4290,16,4,133,208,287,nuclear
J00 mixture,1,48,low,4294,16,4,144,216,311,nuclear
J00 mixture,1,48,high,5347,16,4,144,212,289,nuclear
J00 mixture,1,56,low,4330,16,4,148,220.5,323,nuclear
J00 mixture,1,56,high,5726,16,4,154,219,297,nuclear
J00 mixture,1,64,low,4313,16,4,146.2,219,322,nuclear
J00 mixture,1,64,high,5709,16,4,160,223,303,nuclear
J00 mixture,1,80,low,3422,16,4,118,198,309,nuclear
J00 mixture,1,80,high,3757,16,4,123.6,206,300,nuclear
J00 mixture,1,88,high,2678,16,4,107,196,291,nuclear
J00 mixture,1,88,low,2459,16,4,106,194,310,nuclear
J00 mixture,1,96,high,1756,16,4,96,191,294,nuclear
J00 mixture,1,96,low,1623,16,4,96,188,303,nuclear
J00 mixture,1,104,high,1031,16,4,88,190,292,nuclear
J00 mixture,1,104,low,915,16,4,87.2,183,303,nuclear
J00 mixture,1,112,low,474,16,4,75,178,313.7,nuclear
J00 mixture,1,112,high,486,16,4,91.5,199.5,301.5,nuclear
J00 mixture,1,120,low,208,16,4,59.7,168.5,310,nuclear
J00 mixture,1,120,high,189,16,4,84.8,180,309.4,nuclear
