context,assay,G0_mM,hours,pair_id,size_decile,stratum_median_bg_z_low,stratum_median_bg_z_high,n_cells_low,n_cells_high,high_minus_low_bg_z
C00 fuse,C00 monoculture,0.1,40,C00 fuse|0.1|40|2,1,1.18459678769885,0.798165646705433,12,35,-0.386431140993419
C00 fuse,C00 monoculture,0.1,40,C00 fuse|0.1|40|2,2,1.21222089014215,0.517994984810017,10,25,-0.694225905332129
C00 fuse,C00 monoculture,0.1,40,C00 fuse|0.1|40|2,3,1.02254104396529,0.763433969586402,20,17,-0.259107074378886
C00 fuse,C00 monoculture,0.1,40,C00 fuse|0.1|40|2,4,1.10700641869303,0.470801179384986,17,15,-0.636205239308044
C00 fuse,C00 monoculture,0.1,40,C00 fuse|0.1|40|2,5,0.911151831872451,0.57761342266818,29,10,-0.333538409204271
C00 fuse,C00 monoculture,0.1,40,C00 fuse|0.1|40|2,6,0.876354647533419,0.427911900165061,28,12,-0.448442747368358
C00 fuse,C00 monoculture,0.1,40,C00 fuse|0.1|40|2,7,0.673854673478882,0.611790160868783,28,19,-0.0620645126100986
C00 fuse,C00 monoculture,0.1,40,C00 fuse|0.1|40|2,8,0.645168050703085,0.492857751640135,23,11,-0.15231029906295
C00 fuse,C00 monoculture,0.1,40,C00 fuse|0.1|40|2,9,0.617713666272633,0.330384384921136,17,10,-0.287329281351497
C00 fuse,C00 monoculture,0.1,40,C00 fuse|0.1|40|3,1,1.18253591139635,0.785329588898138,19,50,-0.397206322498211
C00 fuse,C00 monoculture,0.1,40,C00 fuse|0.1|40|3,2,0.791255782589197,0.57382244391559,13,41,-0.217433338673607
C00 fuse,C00 monoculture,0.1,40,C00 fuse|0.1|40|3,3,1.00306977953156,0.678123037324042,29,31,-0.324946742207515
C00 fuse,C00 monoculture,0.1,40,C00 fuse|0.1|40|3,4,1.13793293307701,0.481195961613541,23,36,-0.656736971463469
C00 fuse,C00 monoculture,0.1,40,C00 fuse|0.1|40|3,5,0.692299371039618,0.358803281687726,38,29,-0.333496089351892
C00 fuse,C00 monoculture,0.1,40,C00 fuse|0.1|40|3,6,0.737442262927016,0.459699888561254,26,23,-0.277742374365762
C00 fuse,C00 monoculture,0.1,40,C00 fuse|0.1|40|3,7,0.64150694877341,0.366081426151223,38,27,-0.275425522622187
C00 fuse,C00 monoculture,0.1,40,C00 fuse|0.1|40|3,8,0.626763538217979,0.543033691454486,32,20,-0.0837298467634925
C00 fuse,C00 monoculture,0.1,40,C00 fuse|0.1|40|3,9,0.60464344294481,0.345242370060866,25,20,-0.259401072883944
C00 fuse,C00 monoculture,0.5,40,C00 fuse|0.5|40|2,1,2.00418826109516,0.993047205630217,11,51,-1.01114105546494
C00 fuse,C00 monoculture,0.5,40,C00 fuse|0.5|40|2,2,1.08478538885859,0.824683264931448,17,58,-0.260102123927137
C00 fuse,C00 monoculture,0.5,40,C00 fuse|0.5|40|2,3,0.950418990346195,0.59993067386124,14,63,-0.350488316484956
C00 fuse,C00 monoculture,0.5,40,C00 fuse|0.5|40|2,4,1.22864596888076,0.623922285249279,22,43,-0.604723683631479
C00 fuse,C00 monoculture,0.5,40,C00 fuse|0.5|40|2,5,0.738139192131052,0.640936256671872,22,44,-0.0972029354591798
C00 fuse,C00 monoculture,0.5,40,C00 fuse|0.5|40|2,6,0.917891357233488,0.57328959044865,46,27,-0.344601766784838
C00 fuse,C00 monoculture,0.5,40,C00 fuse|0.5|40|2,7,0.774126263652784,0.489860344958551,36,26,-0.284265918694232
C00 fuse,C00 monoculture,0.5,40,C00 fuse|0.5|40|2,8,0.654649384246586,0.53832820903788,45,30,-0.116321175208706
C00 fuse,C00 monoculture,0.5,40,C00 fuse|0.5|40|2,9,0.658529670305043,0.511858878321358,59,23,-0.146670791983685
C00 fuse,C00 monoculture,0.5,40,C00 fuse|0.5|40|2,10,0.613966501725566,0.449683655594157,59,18,-0.16428284613141
C00 fuse,C00 monoculture,0.5,40,C00 fuse|0.5|40|3,1,0.820466357820262,0.675153289208238,10,49,-0.145313068612024
C00 fuse,C00 monoculture,0.5,40,C00 fuse|0.5|40|3,2,1.31347902417393,0.574941723667905,10,55,-0.738537300506024
C00 fuse,C00 monoculture,0.5,40,C00 fuse|0.5|40|3,3,0.734531294777149,0.403178261653265,14,55,-0.331353033123884
C00 fuse,C00 monoculture,0.5,40,C00 fuse|0.5|40|3,4,0.949811190456532,0.349280021986691,13,48,-0.600531168469841
C00 fuse,C00 monoculture,0.5,40,C00 fuse|0.5|40|3,5,0.947519395129811,0.330796888471286,21,33,-0.616722506658526
C00 fuse,C00 monoculture,0.5,40,C00 fuse|0.5|40|3,6,0.630085409594169,0.31464904080561,34,40,-0.315436368788559
C00 fuse,C00 monoculture,0.5,40,C00 fuse|0.5|40|3,7,0.856700106685077,0.287054151665439,37,37,-0.569645955019638
C00 fuse,C00 monoculture,0.5,40,C00 fuse|0.5|40|3,8,0.756700565857454,0.280984248816509,48,20,-0.475716317040945
C00 fuse,C00 monoculture,0.5,40,C00 fuse|0.5|40|3,9,0.743800866179425,0.281585652293149,52,27,-0.462215213886276
C00 fuse,C00 monoculture,0.5,40,C00 fuse|0.5|40|3,10,0.608606727029616,0.165232154531173,77,14,-0.443374572498443
C00 fuse,C00 monoculture,1,40,C00 fuse|1|40|2,1,0.557596396894866,0.689427736928749,16,90,0.131831340033883
C00 fuse,C00 monoculture,1,40,C00 fuse|1|40|2,2,0.883803971585214,0.597120957362257,10,96,-0.286683014222958
C00 fuse,C00 monoculture,1,40,C00 fuse|1|40|2,3,0.7714165305894,0.498839082661422,11,82,-0.272577447927979
C00 fuse,C00 monoculture,1,40,C00 fuse|1|40|2,4,1.24094362885746,0.478226601253716,23,80,-0.762717027603744
C00 fuse,C00 monoculture,1,40,C00 fuse|1|40|2,5,0.612399281099933,0.386937215081185,27,52,-0.225462066018747
C00 fuse,C00 monoculture,1,40,C00 fuse|1|40|2,6,0.979191007103216,0.383214376473684,18,56,-0.595976630629532
C00 fuse,C00 monoculture,1,40,C00 fuse|1|40|2,7,0.644449715546424,0.352367130430162,42,36,-0.292082585116262
C00 fuse,C00 monoculture,1,40,C00 fuse|1|40|2,8,0.549915833144669,0.459159979913217,47,28,-0.0907558532314517
C00 fuse,C00 monoculture,1,40,C00 fuse|1|40|2,9,0.614474971303339,0.230159022146072,56,39,-0.384315949157267
C00 fuse,C00 monoculture,1,40,C00 fuse|1|40|2,10,0.626897784100209,0.3104007935048,71,27,-0.316496990595409
C00 fuse,C00 monoculture,1,40,C00 fuse|1|40|3,1,0.530399741139992,0.787951689712366,17,49,0.257551948572374
C00 fuse,C00 monoculture,1,40,C00 fuse|1|40|3,2,0.731429445089902,0.504122305983247,16,57,-0.227307139106654
C00 fuse,C00 monoculture,1,40,C00 fuse|1|40|3,3,0.629719143182919,0.383942056387627,24,51,-0.245777086795292
C00 fuse,C00 monoculture,1,40,C00 fuse|1|40|3,4,0.793089098502247,0.429925314674934,32,57,-0.363163783827313
C00 fuse,C00 monoculture,1,40,C00 fuse|1|40|3,5,0.715342475621512,0.445598293768317,62,43,-0.269744181853194
C00 fuse,C00 monoculture,1,40,C00 fuse|1|40|3,6,0.600699578995315,0.385749679236362,45,53,-0.214949899758952
C00 fuse,C00 monoculture,1,40,C00 fuse|1|40|3,7,0.724143283697437,0.301558904227457,58,27,-0.422584379469981
C00 fuse,C00 monoculture,1,40,C00 fuse|1|40|3,8,0.736523606521237,0.341170291972971,74,32,-0.395353314548267
C00 fuse,C00 monoculture,1,40,C00 fuse|1|40|3,9,0.625078828952765,0.346236821752685,61,20,-0.278842007200079
C00 fuse,C00 monoculture,1,40,C00 fuse|1|40|3,10,0.54605815308558,0.314169296084498,70,24,-0.231888857001082
I00 fuse,I00 monoculture,0.1,32,I00 fuse|0.1|32|2,2,1.00684533840294,0.834667735899317,13,31,-0.172177602503628
I00 fuse,I00 monoculture,0.1,32,I00 fuse|0.1|32|2,3,0.805150072679441,0.512706858459856,22,22,-0.292443214219585
I00 fuse,I00 monoculture,0.1,32,I00 fuse|0.1|32|2,4,0.913820310714459,0.479448127032769,32,26,-0.43437218368169
I00 fuse,I00 monoculture,0.1,32,I00 fuse|0.1|32|2,5,0.760667798095645,0.634139097449031,25,27,-0.126528700646614
I00 fuse,I00 monoculture,0.1,32,I00 fuse|0.1|32|2,6,0.722717440419968,0.610962521942476,30,16,-0.111754918477492
I00 fuse,I00 monoculture,0.1,32,I00 fuse|0.1|32|2,7,0.677473554884533,0.502774451784644,31,26,-0.174699103099889
I00 fuse,I00 monoculture,0.1,32,I00 fuse|0.1|32|2,8,0.661988188811801,0.375850447202651,30,25,-0.28613774160915
I00 fuse,I00 monoculture,0.1,32,I00 fuse|0.1|32|2,9,0.576511282577544,0.495181877067567,42,27,-0.0813294055099767
I00 fuse,I00 monoculture,0.1,32,I00 fuse|0.1|32|2,10,0.387022767120715,0.316186172166782,27,32,-0.0708365949539324
I00 fuse,I00 monoculture,0.1,32,I00 fuse|0.1|32|3,1,1.18458057981492,0.70529246368534,16,23,-0.479288116129581
I00 fuse,I00 monoculture,0.1,32,I00 fuse|0.1|32|3,2,0.910428149876646,0.60900038225917,22,35,-0.301427767617476
I00 fuse,I00 monoculture,0.1,32,I00 fuse|0.1|32|3,3,1.09268994454669,0.537907035337661,32,29,-0.554782909209031
I00 fuse,I00 monoculture,0.1,32,I00 fuse|0.1|32|3,4,0.93623782813816,0.550499819466318,34,27,-0.385738008671842
I00 fuse,I00 monoculture,0.1,32,I00 fuse|0.1|32|3,5,0.931428369540583,0.571292249859046,37,35,-0.360136119681536
I00 fuse,I00 monoculture,0.1,32,I00 fuse|0.1|32|3,6,0.987207457371371,0.461491598655458,39,36,-0.525715858715913
I00 fuse,I00 monoculture,0.1,32,I00 fuse|0.1|32|3,7,0.820800485225791,0.46490311963455,27,35,-0.35589736559124
I00 fuse,I00 monoculture,0.1,32,I00 fuse|0.1|32|3,8,0.804902839766314,0.354944473462805,52,44,-0.449958366303509
I00 fuse,I00 monoculture,0.1,32,I00 fuse|0.1|32|3,9,0.679896785858459,0.45456176380213,30,40,-0.225335022056329
I00 fuse,I00 monoculture,0.1,32,I00 fuse|0.1|32|3,10,0.649838038786835,0.464556408454428,43,47,-0.185281630332407
I00 fuse,I00 monoculture,0.25,32,I00 fuse|0.25|32|2,1,1.03204587057094,0.978972202050651,11,47,-0.0530736685202849
I00 fuse,I00 monoculture,0.25,32,I00 fuse|0.25|32|2,2,1.14592696272193,0.523750143780377,10,44,-0.622176818941556
I00 fuse,I00 monoculture,0.25,32,I00 fuse|0.25|32|2,3,0.850205057798185,0.442429207978344,15,46,-0.407775849819841
I00 fuse,I00 monoculture,0.25,32,I00 fuse|0.25|32|2,4,0.611413009617643,0.349817095803041,17,38,-0.261595913814602
I00 fuse,I00 monoculture,0.25,32,I00 fuse|0.25|32|2,5,0.708127034106637,0.375482781107374,20,39,-0.332644252999263
I00 fuse,I00 monoculture,0.25,32,I00 fuse|0.25|32|2,6,0.701568365221359,0.311351502731442,34,42,-0.390216862489916
I00 fuse,I00 monoculture,0.25,32,I00 fuse|0.25|32|2,7,0.610337204674761,0.377943487507772,40,30,-0.232393717166989
I00 fuse,I00 monoculture,0.25,32,I00 fuse|0.25|32|2,8,0.79275447786758,0.318932015405961,43,45,-0.473822462461619
I00 fuse,I00 monoculture,0.25,32,I00 fuse|0.25|32|2,9,0.753462019407254,0.301103264380011,38,45,-0.452358755027242
I00 fuse,I00 monoculture,0.25,32,I00 fuse|0.25|32|2,10,0.397417158261118,0.30189683827332,46,27,-0.0955203199877984
I00 fuse,I00 monoculture,0.25,32,I00 fuse|0.25|32|3,1,0.283846256512552,0.615991823124168,11,65,0.332145566611617
I00 fuse,I00 monoculture,0.25,32,I00 fuse|0.25|32|3,2,0.601518024832009,0.77904974984102,12,56,0.177531725009011
I00 fuse,I00 monoculture,0.25,32,I00 fuse|0.25|32|3,4,0.490822390660367,0.454395589552883,17,55,-0.036426801107484
I00 fuse,I00 monoculture,0.25,32,I00 fuse|0.25|32|3,5,0.324536255512249,0.375667771243877,31,53,0.0511315157316282
I00 fuse,I00 monoculture,0.25,32,I00 fuse|0.25|32|3,6,0.627109618920288,0.381238107705067,31,52,-0.24587151121522
I00 fuse,I00 monoculture,0.25,32,I00 fuse|0.25|32|3,7,0.495707848506752,0.410745434306045,33,40,-0.0849624142007068
I00 fuse,I00 monoculture,0.25,32,I00 fuse|0.25|32|3,8,0.44449576939083,0.393029743106103,38,45,-0.0514660262847277
I00 fuse,I00 monoculture,0.25,32,I00 fuse|0.25|32|3,9,0.404230467199778,0.140310652248671,41,28,-0.263919814951107
I00 fuse,I00 monoculture,0.25,32,I00 fuse|0.25|32|3,10,0.584551820690733,0.148104367404081,54,21,-0.436447453286652
I00 fuse,I00 monoculture,0.5,32,I00 fuse|0.5|32|2,1,0.271628490870247,0.766182313898102,16,66,0.494553823027855
I00 fuse,I00 monoculture,0.5,32,I00 fuse|0.5|32|2,2,1.29145403711264,0.684411155049911,13,50,-0.607042882062725
I00 fuse,I00 monoculture,0.5,32,I00 fuse|0.5|32|2,3,0.378606690926461,0.574528202931122,12,59,0.195921512004661
I00 fuse,I00 monoculture,0.5,32,I00 fuse|0.5|32|2,4,0.714918039297512,0.534956279765183,19,49,-0.17996175953233
I00 fuse,I00 monoculture,0.5,32,I00 fuse|0.5|32|2,5,0.382880161006045,0.422881647279726,15,51,0.0400014862736812
I00 fuse,I00 monoculture,0.5,32,I00 fuse|0.5|32|2,6,0.595847214864842,0.418516312704309,36,43,-0.177330902160533
I00 fuse,I00 monoculture,0.5,32,I00 fuse|0.5|32|2,7,0.653657592838623,0.388562095876673,40,38,-0.26509549696195
I00 fuse,I00 monoculture,0.5,32,I00 fuse|0.5|32|2,8,0.534691076477422,0.257299369379141,37,34,-0.277391707098281
I00 fuse,I00 monoculture,0.5,32,I00 fuse|0.5|32|2,9,0.625123013590513,0.258525148117455,40,25,-0.366597865473058
I00 fuse,I00 monoculture,0.5,32,I00 fuse|0.5|32|2,10,0.519381496351338,0.266249356784625,64,17,-0.253132139566714
I00 fuse,I00 monoculture,0.5,32,I00 fuse|0.5|32|3,1,0.430667530560396,0.661562923401871,24,54,0.230895392841475
I00 fuse,I00 monoculture,0.5,32,I00 fuse|0.5|32|3,2,1.23712233279739,0.533156273397852,17,47,-0.703966059399541
I00 fuse,I00 monoculture,0.5,32,I00 fuse|0.5|32|3,3,0.880264953343817,0.508771232135131,20,75,-0.371493721208686
I00 fuse,I00 monoculture,0.5,32,I00 fuse|0.5|32|3,4,0.657393779475965,0.384129549598117,21,64,-0.273264229877848
I00 fuse,I00 monoculture,0.5,32,I00 fuse|0.5|32|3,5,0.787322774263611,0.368889089305145,20,59,-0.418433684958466
I00 fuse,I00 monoculture,0.5,32,I00 fuse|0.5|32|3,6,0.758116976962487,0.287730075965592,33,50,-0.470386900996894
I00 fuse,I00 monoculture,0.5,32,I00 fuse|0.5|32|3,7,0.625834832124824,0.36939885721355,37,44,-0.256435974911274
I00 fuse,I00 monoculture,0.5,32,I00 fuse|0.5|32|3,8,0.730774694108911,0.29848930297108,30,40,-0.432285391137831
I00 fuse,I00 monoculture,0.5,32,I00 fuse|0.5|32|3,9,0.637768894613253,0.32353422317054,56,35,-0.314234671442714
I00 fuse,I00 monoculture,0.5,32,I00 fuse|0.5|32|3,10,0.684500908388881,0.338693151077563,65,15,-0.345807757311319
I00 fuse,I00 monoculture,1,32,I00 fuse|1|32|2,1,0.896800764299021,0.746219694772879,27,82,-0.150581069526142
I00 fuse,I00 monoculture,1,32,I00 fuse|1|32|2,2,0.870455689008775,0.584315474349669,23,89,-0.286140214659107
I00 fuse,I00 monoculture,1,32,I00 fuse|1|32|2,3,0.795812300853015,0.558775280465569,27,73,-0.237037020387446
I00 fuse,I00 monoculture,1,32,I00 fuse|1|32|2,4,0.764057766913835,0.352403153595622,30,65,-0.411654613318214
I00 fuse,I00 monoculture,1,32,I00 fuse|1|32|2,5,0.866796568121247,0.250923940581894,26,70,-0.615872627539353
I00 fuse,I00 monoculture,1,32,I00 fuse|1|32|2,6,0.68927824964191,0.20487946078358,24,38,-0.484398788858331
I00 fuse,I00 monoculture,1,32,I00 fuse|1|32|2,7,0.785814621501849,0.303224663838849,21,42,-0.482589957663
I00 fuse,I00 monoculture,1,32,I00 fuse|1|32|2,8,0.755035307624379,0.346355206242721,34,28,-0.408680101381658
I00 fuse,I00 monoculture,1,32,I00 fuse|1|32|2,9,0.51092530346674,0.184896283148038,40,23,-0.326029020318702
I00 fuse,I00 monoculture,1,32,I00 fuse|1|32|2,10,0.526175483852027,0.29362979445922,52,10,-0.232545689392806
I00 fuse,I00 monoculture,1,32,I00 fuse|1|32|3,1,1.08454811741595,0.935310398073485,39,87,-0.149237719342465
I00 fuse,I00 monoculture,1,32,I00 fuse|1|32|3,2,1.07068990622428,0.514312532540645,41,91,-0.556377373683632
I00 fuse,I00 monoculture,1,32,I00 fuse|1|32|3,3,0.823800410344582,0.443813660159072,30,67,-0.37998675018551
I00 fuse,I00 monoculture,1,32,I00 fuse|1|32|3,4,0.68568515306019,0.366737865289929,46,56,-0.318947287770261
I00 fuse,I00 monoculture,1,32,I00 fuse|1|32|3,5,0.91830739793102,0.368321689240479,33,52,-0.54998570869054
I00 fuse,I00 monoculture,1,32,I00 fuse|1|32|3,6,0.727848052379372,0.404949176978792,36,54,-0.32289887540058
I00 fuse,I00 monoculture,1,32,I00 fuse|1|32|3,7,0.691413155871267,0.286450773828135,55,55,-0.404962382043132
I00 fuse,I00 monoculture,1,32,I00 fuse|1|32|3,8,0.652870909350912,0.230049649376483,43,26,-0.422821259974428
I00 fuse,I00 monoculture,1,32,I00 fuse|1|32|3,9,0.65713692002386,0.386035263600815,64,20,-0.271101656423045
I00 fuse,I00 monoculture,1,32,I00 fuse|1|32|3,10,0.640021566683622,0.319368122784647,61,13,-0.320653443898974
M00b chem,M00b monoculture,0.1,32,M00b chem|0.1|32|2,2,0.684425493012382,1.14710799680318,11,10,0.462682503790794
M00b chem,M00b monoculture,0.1,32,M00b chem|0.1|32|2,5,0.431420830087308,0.818327897041653,13,13,0.386907066954345
M00b chem,M00b monoculture,0.25,32,M00b chem|0.25|32|2,2,0.81656811072117,0.939400397521869,24,10,0.122832286800699
M00b chem,M00b monoculture,0.25,32,M00b chem|0.25|32|2,5,0.663764651430011,0.803139945698178,23,10,0.139375294268167
M00b chem,M00b monoculture,0.25,32,M00b chem|0.25|32|2,6,0.711188101442606,0.855775685169054,22,13,0.144587583726447
M00b chem,M00b monoculture,0.25,32,M00b chem|0.25|32|2,7,0.533852449925169,0.823369064028957,14,11,0.289516614103788
M00b chem,M00b monoculture,0.25,32,M00b chem|0.25|32|2,8,0.219552581090173,0.70410559693826,11,22,0.484553015848087
M00b chem,M00b monoculture,0.25,32,M00b chem|0.25|32|3,7,0.309095112474637,0.734056277300832,15,10,0.424961164826195
M00b chem,M00b monoculture,0.5,32,M00b chem|0.5|32|2,1,0.536039574162857,1.10586496669822,21,16,0.569825392535367
M00b chem,M00b monoculture,0.5,32,M00b chem|0.5|32|2,2,0.572393819890986,1.36135357896617,24,14,0.788959759075179
M00b chem,M00b monoculture,0.5,32,M00b chem|0.5|32|2,3,0.676480744176735,0.888493959701029,26,18,0.212013215524294
M00b chem,M00b monoculture,0.5,32,M00b chem|0.5|32|2,6,0.424362109434061,0.946425723454092,12,13,0.52206361402003
M00b chem,M00b monoculture,0.5,32,M00b chem|0.5|32|2,7,0.409146131468109,0.484586926046667,18,15,0.0754407945785578
M00b chem,M00b monoculture,0.5,32,M00b chem|0.5|32|2,8,0.330043814063412,0.398807309956706,16,29,0.0687634958932938
M00b chem,M00b monoculture,0.5,32,M00b chem|0.5|32|3,2,0.407766505102821,1.37691493922868,11,13,0.96914843412586
M00b chem,M00b monoculture,0.5,32,M00b chem|0.5|32|3,3,0.595888763215444,1.1940152068474,11,10,0.598126443631954
M00b chem,M00b monoculture,0.5,32,M00b chem|0.5|32|3,4,0.407481991829517,1.14740398553031,16,18,0.739921993700789
M00b chem,M00b monoculture,0.5,32,M00b chem|0.5|32|3,5,0.279757217579211,0.55337697553294,20,18,0.273619757953729
M00b chem,M00b monoculture,0.5,32,M00b chem|0.5|32|3,6,0.490650079159781,0.894512906337727,15,13,0.403862827177946
M00b chem,M00b monoculture,0.5,32,M00b chem|0.5|32|3,7,0.304742340518937,0.940734897219145,12,16,0.635992556700208
M00b chem,M00b monoculture,1,32,M00b chem|1|32|2,1,1.0581464710193,1.10347728300139,36,24,0.0453308119820863
M00b chem,M00b monoculture,1,32,M00b chem|1|32|2,2,0.782933102373373,1.15802321972003,41,20,0.375090117346654
M00b chem,M00b monoculture,1,32,M00b chem|1|32|2,3,0.754943418267514,1.13359321100825,37,19,0.378649792740732
M00b chem,M00b monoculture,1,32,M00b chem|1|32|2,4,0.580272295759004,0.651544792267686,43,11,0.0712724965086821
M00b chem,M00b monoculture,1,32,M00b chem|1|32|2,5,0.517095941083605,0.585368050844697,24,15,0.0682721097610923
M00b chem,M00b monoculture,1,32,M00b chem|1|32|2,6,0.347824032007308,0.687863699858228,38,18,0.34003966785092
M00b chem,M00b monoculture,1,32,M00b chem|1|32|2,7,0.602622782679034,0.616686383805999,14,28,0.0140636011269643
M00b chem,M00b monoculture,1,32,M00b chem|1|32|3,3,0.676040383112096,0.771965472255355,10,15,0.0959250891432587
M00b chem,M00b monoculture,1,32,M00b chem|1|32|3,4,0.501479220294019,0.963538336445994,11,15,0.462059116151975
M00b chem,M00b monoculture,1,32,M00b chem|1|32|3,5,0.499510235233996,0.910407099040794,16,10,0.410896863806799
M00b chem,M00b monoculture,1,32,M00b chem|1|32|3,6,0.263783588986179,0.57830227290924,10,14,0.314518683923061
M00b chem,M00b monoculture,1,32,M00b chem|1|32|3,7,0.232738586661396,0.839344406232352,20,14,0.606605819570956
J00 mixture,J00 mixture,0.1,32,SUM159_J00_Competition_G4_3_01d08h00m,5,0.643748241414467,0.505355549628929,19,13,-0.138392691785538
J00 mixture,J00 mixture,0.1,32,SUM159_J00_Competition_G4_3_01d08h00m,6,0.635762044430941,0.262028280449343,22,11,-0.373733763981598
J00 mixture,J00 mixture,0.1,32,SUM159_J00_Competition_G4_3_01d08h00m,7,0.632926365791863,0.583293308959101,15,18,-0.0496330568327618
J00 mixture,J00 mixture,0.1,32,SUM159_J00_Competition_G4_3_01d08h00m,8,0.63137397641445,0.392920891589483,20,17,-0.238453084824967
J00 mixture,J00 mixture,0.1,32,SUM159_J00_Competition_G4_3_01d08h00m,9,0.524021838303106,0.466266587654127,12,13,-0.0577552506489784
J00 mixture,J00 mixture,0.1,32,SUM159_J00_Competition_G4_3_01d08h00m,10,0.627561001387261,0.248544339165564,26,23,-0.379016662221697
J00 mixture,J00 mixture,0.1,32,SUM159_J00_Competition_G5_2_01d08h00m,1,0.744011371162068,0.501092046611314,16,17,-0.242919324550755
J00 mixture,J00 mixture,0.1,32,SUM159_J00_Competition_G5_2_01d08h00m,2,0.44831735957124,0.243791348531603,28,12,-0.204526011039637
J00 mixture,J00 mixture,0.1,32,SUM159_J00_Competition_G5_2_01d08h00m,4,0.351005611734775,0.532557684983216,19,11,0.181552073248441
J00 mixture,J00 mixture,0.1,32,SUM159_J00_Competition_G5_2_01d08h00m,5,0.457284013183976,0.0982616539005229,16,15,-0.359022359283453
J00 mixture,J00 mixture,0.1,32,SUM159_J00_Competition_G5_2_01d08h00m,6,0.328149135446124,0.179928040300214,25,19,-0.14822109514591
J00 mixture,J00 mixture,0.1,32,SUM159_J00_Competition_G5_2_01d08h00m,7,0.296014477211901,0.269318158869953,17,12,-0.0266963183419478
J00 mixture,J00 mixture,0.1,32,SUM159_J00_Competition_G5_2_01d08h00m,8,0.37300155484174,0.211826498773885,18,23,-0.161175056067854
J00 mixture,J00 mixture,0.1,32,SUM159_J00_Competition_G5_2_01d08h00m,9,0.354961638535154,0.251889808429878,24,22,-0.103071830105276
J00 mixture,J00 mixture,0.1,32,SUM159_J00_Competition_G5_2_01d08h00m,10,0.441713980319486,0.155715649710449,13,15,-0.285998330609037
J00 mixture,J00 mixture,0.1,40,SUM159_J00_Competition_F5_3_01d16h00m,1,0.372825118736475,0.718930479610915,14,10,0.34610536087444
J00 mixture,J00 mixture,0.1,40,SUM159_J00_Competition_F5_3_01d16h00m,2,1.07376284591834,0.622642393023459,13,15,-0.451120452894881
J00 mixture,J00 mixture,0.1,40,SUM159_J00_Competition_F5_3_01d16h00m,3,0.722281467330503,0.42865591753391,11,17,-0.293625549796593
J00 mixture,J00 mixture,0.1,40,SUM159_J00_Competition_F5_3_01d16h00m,4,0.558364217700253,0.768781171072034,14,10,0.210416953371781
J00 mixture,J00 mixture,0.1,40,SUM159_J00_Competition_F5_3_01d16h00m,5,0.532370127246882,0.625830010593452,20,10,0.0934598833465705
J00 mixture,J00 mixture,0.1,40,SUM159_J00_Competition_F5_3_01d16h00m,7,0.632253116986576,0.383887937378079,21,12,-0.248365179608497
J00 mixture,J00 mixture,0.1,40,SUM159_J00_Competition_F5_3_01d16h00m,8,0.529936291948506,0.414917627744762,10,12,-0.115018664203744
J00 mixture,J00 mixture,0.1,40,SUM159_J00_Competition_F5_3_01d16h00m,9,0.729162770003651,0.255450125072767,11,13,-0.473712644930884
J00 mixture,J00 mixture,0.1,40,SUM159_J00_Competition_F5_3_01d16h00m,10,0.497939298323992,0.177695052199764,18,23,-0.320244246124228
J00 mixture,J00 mixture,0.1,40,SUM159_J00_Competition_G5_4_01d16h00m,1,1.51473317081697,0.684098426016701,12,14,-0.830634744800267
J00 mixture,J00 mixture,0.1,40,SUM159_J00_Competition_G5_4_01d16h00m,2,0.928356569005359,0.787755605759005,11,16,-0.140600963246354
J00 mixture,J00 mixture,0.1,40,SUM159_J00_Competition_G5_4_01d16h00m,3,0.908023410632305,0.736601972344456,18,15,-0.171421438287849
J00 mixture,J00 mixture,0.1,40,SUM159_J00_Competition_G5_4_01d16h00m,7,0.571352542872289,0.801006667467337,11,12,0.229654124595048
J00 mixture,J00 mixture,0.1,40,SUM159_J00_Competition_G5_4_01d16h00m,8,0.743678742408054,0.246107234521404,11,19,-0.49757150788665
J00 mixture,J00 mixture,0.25,32,SUM159_J00_Competition_F7_1_01d08h00m,1,0.620384980816921,0.657117030627392,24,25,0.0367320498104708
J00 mixture,J00 mixture,0.25,32,SUM159_J00_Competition_F7_1_01d08h00m,2,0.816042720985686,0.559305627926767,22,26,-0.256737093058919
J00 mixture,J00 mixture,0.25,32,SUM159_J00_Competition_F7_1_01d08h00m,3,0.654720654234398,0.55346631870116,20,26,-0.101254335533238
J00 mixture,J00 mixture,0.25,32,SUM159_J00_Competition_F7_1_01d08h00m,4,0.595856314263326,0.556396379414925,17,24,-0.0394599348484008
J00 mixture,J00 mixture,0.25,32,SUM159_J00_Competition_F7_1_01d08h00m,5,0.634593768387785,0.528207738494364,14,17,-0.106386029893421
J00 mixture,J00 mixture,0.25,32,SUM159_J00_Competition_F7_1_01d08h00m,6,0.732274351533457,0.467532736955882,15,19,-0.264741614577575
J00 mixture,J00 mixture,0.25,32,SUM159_J00_Competition_F7_1_01d08h00m,7,0.506780090027485,0.362872633236323,23,20,-0.143907456791162
J00 mixture,J00 mixture,0.25,32,SUM159_J00_Competition_F7_1_01d08h00m,8,0.6400971092109,0.377209267190436,23,17,-0.262887842020464
J00 mixture,J00 mixture,0.25,32,SUM159_J00_Competition_F7_1_01d08h00m,9,0.586368923357566,0.302406497010009,16,24,-0.283962426347557
J00 mixture,J00 mixture,0.25,32,SUM159_J00_Competition_F7_1_01d08h00m,10,0.588072550743652,0.49682591116428,19,13,-0.0912466395793718
J00 mixture,J00 mixture,0.25,32,SUM159_J00_Competition_F7_3_01d08h00m,2,1.01723749751115,0.532458479270474,15,11,-0.484779018240672
J00 mixture,J00 mixture,0.25,32,SUM159_J00_Competition_F7_3_01d08h00m,3,0.858653597920257,0.628722280447666,11,23,-0.229931317472591
J00 mixture,J00 mixture,0.25,32,SUM159_J00_Competition_F7_3_01d08h00m,4,0.848744404735956,0.58512091022069,14,26,-0.263623494515267
J00 mixture,J00 mixture,0.25,32,SUM159_J00_Competition_F7_3_01d08h00m,5,0.741664997563455,0.400323889548006,12,24,-0.341341108015449
J00 mixture,J00 mixture,0.25,32,SUM159_J00_Competition_F7_3_01d08h00m,6,0.838924165769994,0.417548033497285,15,23,-0.421376132272709
J00 mixture,J00 mixture,0.25,32,SUM159_J00_Competition_F7_3_01d08h00m,7,0.5123924014146,0.439036611999876,16,31,-0.0733557894147232
J00 mixture,J00 mixture,0.25,32,SUM159_J00_Competition_F7_3_01d08h00m,8,0.640024067257001,0.470075499426573,30,19,-0.169948567830429
J00 mixture,J00 mixture,0.25,32,SUM159_J00_Competition_F7_3_01d08h00m,9,0.575898811688388,0.472647503291311,20,22,-0.103251308397077
J00 mixture,J00 mixture,0.25,32,SUM159_J00_Competition_F7_3_01d08h00m,10,0.565517240930837,0.616814684737573,21,19,0.0512974438067354
J00 mixture,J00 mixture,0.5,32,SUM159_J00_Competition_F8_3_01d08h00m,2,1.11649459626596,0.478391429985586,15,10,-0.638103166280372
J00 mixture,J00 mixture,0.5,32,SUM159_J00_Competition_F8_3_01d08h00m,7,0.522604261846928,0.45116414301755,11,15,-0.0714401188293782
J00 mixture,J00 mixture,0.5,32,SUM159_J00_Competition_F8_3_01d08h00m,8,0.685834943705677,0.432736942999321,10,16,-0.253098000706355
J00 mixture,J00 mixture,0.5,32,SUM159_J00_Competition_F8_3_01d08h00m,9,0.576084765509712,0.333426121773785,17,20,-0.242658643735927
J00 mixture,J00 mixture,0.5,32,SUM159_J00_Competition_F9_4_01d08h00m,5,0.809979757492102,0.541321265618854,12,15,-0.268658491873248
J00 mixture,J00 mixture,0.5,32,SUM159_J00_Competition_F9_4_01d08h00m,7,0.922272094729849,0.49680621619109,14,15,-0.425465878538759
J00 mixture,J00 mixture,0.5,32,SUM159_J00_Competition_F9_4_01d08h00m,9,0.638693483441785,0.369213247512645,21,15,-0.26948023592914
J00 mixture,J00 mixture,0.5,32,SUM159_J00_Competition_F9_4_01d08h00m,10,0.742489068101612,0.326204054187304,26,27,-0.416285013914308
J00 mixture,J00 mixture,0.5,40,SUM159_J00_Competition_F8_4_01d16h00m,2,0.580687477622969,0.502645961085632,14,19,-0.0780415165373363
J00 mixture,J00 mixture,0.5,40,SUM159_J00_Competition_F8_4_01d16h00m,3,1.00599096091552,0.488395069318493,12,21,-0.517595891597025
J00 mixture,J00 mixture,0.5,40,SUM159_J00_Competition_F8_4_01d16h00m,4,0.626887853567489,0.393593690744037,19,18,-0.233294162823453
J00 mixture,J00 mixture,0.5,40,SUM159_J00_Competition_F8_4_01d16h00m,5,0.777193056851548,0.478179605036757,11,17,-0.29901345181479
J00 mixture,J00 mixture,0.5,40,SUM159_J00_Competition_F8_4_01d16h00m,6,0.593448274062655,0.393500930825744,15,33,-0.199947343236911
J00 mixture,J00 mixture,0.5,40,SUM159_J00_Competition_F8_4_01d16h00m,7,0.49444598430856,0.369374447117493,15,24,-0.125071537191067
J00 mixture,J00 mixture,0.5,40,SUM159_J00_Competition_F8_4_01d16h00m,8,0.748001139525171,0.275228324605857,19,27,-0.472772814919314
J00 mixture,J00 mixture,0.5,40,SUM159_J00_Competition_F8_4_01d16h00m,9,0.405737819246913,0.236438353013901,20,27,-0.169299466233012
J00 mixture,J00 mixture,0.5,40,SUM159_J00_Competition_F8_4_01d16h00m,10,0.631139968222025,0.444855047830606,22,22,-0.18628492039142
J00 mixture,J00 mixture,0.5,40,SUM159_J00_Competition_F9_2_01d16h00m,1,0.87457400412848,0.309871086584353,25,20,-0.564702917544127
J00 mixture,J00 mixture,0.5,40,SUM159_J00_Competition_F9_2_01d16h00m,2,0.51683186286499,0.622076677099587,12,20,0.105244814234597
J00 mixture,J00 mixture,0.5,40,SUM159_J00_Competition_F9_2_01d16h00m,3,0.489715864237012,0.447450574951144,14,31,-0.0422652892858687
J00 mixture,J00 mixture,0.5,40,SUM159_J00_Competition_F9_2_01d16h00m,4,0.686304742890456,0.347031012133527,31,19,-0.339273730756929
J00 mixture,J00 mixture,0.5,40,SUM159_J00_Competition_F9_2_01d16h00m,5,0.695409097080955,0.431703758264516,17,22,-0.263705338816438
J00 mixture,J00 mixture,0.5,40,SUM159_J00_Competition_F9_2_01d16h00m,6,0.59967543332026,0.240098485982665,22,24,-0.359576947337595
J00 mixture,J00 mixture,0.5,40,SUM159_J00_Competition_F9_2_01d16h00m,7,0.593173730783786,0.453513106413493,17,23,-0.139660624370293
J00 mixture,J00 mixture,0.5,40,SUM159_J00_Competition_F9_2_01d16h00m,8,0.589713147175663,0.300559111453363,22,16,-0.2891540357223
J00 mixture,J00 mixture,0.5,40,SUM159_J00_Competition_F9_2_01d16h00m,9,0.422246096575283,0.284070489779353,29,13,-0.138175606795931
J00 mixture,J00 mixture,0.5,40,SUM159_J00_Competition_F9_2_01d16h00m,10,0.664751577868052,0.255332936416147,33,12,-0.409418641451905
J00 mixture,J00 mixture,1,32,SUM159_J00_Competition_G10_1_01d08h00m,1,0.799322053758,0.600788998257636,32,17,-0.198533055500364
J00 mixture,J00 mixture,1,32,SUM159_J00_Competition_G10_1_01d08h00m,2,1.16793169577365,0.54869616033422,27,32,-0.619235535439435
J00 mixture,J00 mixture,1,32,SUM159_J00_Competition_G10_1_01d08h00m,3,0.741248429975415,0.536668794965394,30,20,-0.204579635010022
J00 mixture,J00 mixture,1,32,SUM159_J00_Competition_G10_1_01d08h00m,4,0.723451247518013,0.437068650498328,32,19,-0.286382597019685
J00 mixture,J00 mixture,1,32,SUM159_J00_Competition_G10_1_01d08h00m,5,0.635899922871019,0.35688836015128,25,32,-0.279011562719739
J00 mixture,J00 mixture,1,32,SUM159_J00_Competition_G10_1_01d08h00m,6,0.788863008775298,0.28103614776904,17,31,-0.507826861006258
J00 mixture,J00 mixture,1,32,SUM159_J00_Competition_G10_1_01d08h00m,7,0.478317693613354,0.255990936532172,20,22,-0.222326757081182
J00 mixture,J00 mixture,1,32,SUM159_J00_Competition_G10_1_01d08h00m,8,0.44461775674362,0.169478722473887,16,29,-0.275139034269733
J00 mixture,J00 mixture,1,32,SUM159_J00_Competition_G10_1_01d08h00m,9,0.733948195364583,0.262048958415827,15,19,-0.471899236948756
J00 mixture,J00 mixture,1,32,SUM159_J00_Competition_G11_1_01d08h00m,1,1.14845507052132,0.476112213536467,29,23,-0.672342856984851
J00 mixture,J00 mixture,1,32,SUM159_J00_Competition_G11_1_01d08h00m,2,0.912150306661223,0.606600375976753,25,21,-0.305549930684471
J00 mixture,J00 mixture,1,32,SUM159_J00_Competition_G11_1_01d08h00m,3,0.674932067028778,0.529797431562889,36,27,-0.145134635465889
J00 mixture,J00 mixture,1,32,SUM159_J00_Competition_G11_1_01d08h00m,4,0.765849137945507,0.575560716117604,19,27,-0.190288421827904
J00 mixture,J00 mixture,1,32,SUM159_J00_Competition_G11_1_01d08h00m,5,0.698382317113756,0.512949049876567,24,26,-0.185433267237189
J00 mixture,J00 mixture,1,32,SUM159_J00_Competition_G11_1_01d08h00m,6,0.355240235240256,0.455309037247888,17,24,0.100068802007632
J00 mixture,J00 mixture,1,32,SUM159_J00_Competition_G11_1_01d08h00m,7,0.505264743548343,0.413421852592069,23,21,-0.0918428909562738
J00 mixture,J00 mixture,1,32,SUM159_J00_Competition_G11_1_01d08h00m,8,0.448884617690145,0.338989007479441,16,25,-0.109895610210704
J00 mixture,J00 mixture,1,32,SUM159_J00_Competition_G11_1_01d08h00m,10,0.578199303230307,0.195786249829402,19,11,-0.382413053400905
J00 mixture,J00 mixture,1,40,SUM159_J00_Competition_F11_1_01d16h00m,1,0.710813537531971,0.567487068094245,22,41,-0.143326469437726
J00 mixture,J00 mixture,1,40,SUM159_J00_Competition_F11_1_01d16h00m,2,0.643782381552949,0.52841379014158,28,47,-0.115368591411369
J00 mixture,J00 mixture,1,40,SUM159_J00_Competition_F11_1_01d16h00m,3,0.839867454981664,0.451937180602461,31,24,-0.387930274379203
J00 mixture,J00 mixture,1,40,SUM159_J00_Competition_F11_1_01d16h00m,4,0.681575030220453,0.368714334445516,30,35,-0.312860695774937
J00 mixture,J00 mixture,1,40,SUM159_J00_Competition_F11_1_01d16h00m,5,0.63977147663445,0.360851429539558,29,40,-0.278920047094891
J00 mixture,J00 mixture,1,40,SUM159_J00_Competition_F11_1_01d16h00m,6,0.8485472756922,0.344102127512711,44,26,-0.50444514817949
J00 mixture,J00 mixture,1,40,SUM159_J00_Competition_F11_1_01d16h00m,7,0.631413077261701,0.172614092818839,33,21,-0.458798984442862
J00 mixture,J00 mixture,1,40,SUM159_J00_Competition_F11_1_01d16h00m,8,0.639858874346522,0.313781622079833,26,26,-0.32607725226669
J00 mixture,J00 mixture,1,40,SUM159_J00_Competition_F11_1_01d16h00m,9,0.535701748115227,0.229238420404967,34,28,-0.30646332771026
J00 mixture,J00 mixture,1,40,SUM159_J00_Competition_F11_1_01d16h00m,10,0.627504015958095,0.31005241226636,39,12,-0.317451603691735
J00 mixture,J00 mixture,1,40,SUM159_J00_Competition_G11_2_01d16h00m,1,0.746141369700328,0.923668987087993,31,61,0.177527617387666
J00 mixture,J00 mixture,1,40,SUM159_J00_Competition_G11_2_01d16h00m,2,1.03301522562717,0.628898950518742,24,42,-0.404116275108432
J00 mixture,J00 mixture,1,40,SUM159_J00_Competition_G11_2_01d16h00m,3,0.880638981047185,0.407720104673895,31,43,-0.472918876373291
J00 mixture,J00 mixture,1,40,SUM159_J00_Competition_G11_2_01d16h00m,4,0.566930535384489,0.37138229106852,35,44,-0.195548244315968
J00 mixture,J00 mixture,1,40,SUM159_J00_Competition_G11_2_01d16h00m,5,0.622943350377008,0.372079687185949,32,41,-0.250863663191059
J00 mixture,J00 mixture,1,40,SUM159_J00_Competition_G11_2_01d16h00m,6,0.431622376694363,0.32465083479682,27,27,-0.106971541897543
J00 mixture,J00 mixture,1,40,SUM159_J00_Competition_G11_2_01d16h00m,7,0.428735171559217,0.314802980396307,31,31,-0.11393219116291
J00 mixture,J00 mixture,1,40,SUM159_J00_Competition_G11_2_01d16h00m,8,0.520324063146558,0.252087619261414,30,27,-0.268236443885144
J00 mixture,J00 mixture,1,40,SUM159_J00_Competition_G11_2_01d16h00m,9,0.599055869366454,0.257481161026429,36,26,-0.341574708340025
